game_id,week,note,created_at
2026_02_GB_NYJ,2,"Model's GB -10.6 looks overstated: (1) NWS forecast shows 80% rain chance + gusts to 20mph at MetLife -- worst weather of any game this week, tends to suppress scoring/big plays; (2) ~3.2 of the 7.1-pt edge over market (-3.5) traces to both teams' injury_burden reading a real zero, which the model over-reacts to since a true zero is rare (~1.6%) in training data, not because either team is actually banged up; (3) rolling-window drivers are 80% trailing 2025 tail (4 of 5 games), only 20% actual Week 1 2026 form -- and that 2025 tail flatters GB (whose own Week 1 2026 was their worst game of the five) while penalizing NYJ (whose Week 1 2026 was their best). Net: treat this as much closer to the market's -3.5 than the model's -10.6.",2026-09-18
2026_02_SEA_ARI,2,"Sam Darnold is officially OUT (confirmed via Seahawks.com/NFL.com/CBS/NBC); Drew Lock confirmed starting. The depth chart hadn't updated yet, so the model's SEA -8.1 was built on Darnold's stats -- FIXED by substituting Lock's own rolling QB stats (he already had 23 of 26 SEA dropbacks in Week 1, so our own data already knew he was the real starter, the depth-chart lookup just outranked it). Corrected prediction: SEA -8.0 -- barely moved. The QB swap was never the main driver: ~56% of the edge over market (-3.5) is the same true-zero injury-burden artifact as GB@NYJ, and a real, legitimate form gap (ARI -11.0 point margin L5 vs SEA +6.6) accounts for most of the rest, independent of who's at QB. Net: the SEA lean is real (form gap) but still likely overstated by the injury artifact -- treat as meaningfully less extreme than the model's raw -8.0, closer to something like -4 to -5. THREE CALLS ON RECORD BEFORE KICKOFF (Sun 9/20): model (corrected) SEA -8.0, user's own read SEA -4.5 (Darnold worth ~4pts more than Lock, close to market), market SEA -3.5. Grade all three against the actual result Sunday.",2026-09-18
2026_04_GB_TB,4,"CONFIRMED (2026-09-29): Baker Mayfield is OUT for Week 4 vs GB, minimum 3 weeks (dislocated thumb, no ligament/tendon damage per MRI). Undrafted rookie Jalon Daniels confirmed starting -- QB override already applied. Daniels has only 3 career dropbacks on record, so his own rolling QB-form stats are extremely thin/unreliable -- treat any model prediction for this game as low-confidence regardless of the number shown.",2026-09-29
2026_04_NYJ_CHI,4,"Caleb Williams (hamstring) confirmed Grade 2 strain, 3-4 week timeline -- still out Week 4 vs NYJ. UNRESOLVED as of this check: HC Ben Johnson has not named a starter between Case Keenum (started/won Week 3 vs PHI, 24/34-247-2TD/0INT) and Tyson Bagent (cleared concussion protocol, was Bears' camp QB2, described as a 'prime candidate'). Model currently uses Keenum's stats (real, recent usage, bypass_recency override) since no decision is confirmed. If Bagent starts instead, treat this prediction as unreliable -- he has essentially no rolling QB-form data of his own either way, so either QB swap makes this a low-confidence game. Re-verify starter before kickoff.",2026-09-29
2026_04_MIA_MIN,4,"CONFIRMED (2026-09-29): De'Von Achane (MIA RB) tore his ACL vs KC in Week 3 -- OUT FOR THE SEASON, placed on IR. This isn't a QB, so it doesn't get a starter override, but it's a major loss our model can't fully capture: injury_burden only weights BY DESIGNATION (Out=1.0 etc.), not by how important the player is, and Achane was Miami's last remaining offensive focal point after other roster losses (Tua cut, Hill/Waddle traded). RB2 Jaylen Wright also missed Week 3 (foot); next man up is Ollie Gordon II, an unproven rookie. Treat MIA's offensive projection as considerably more pessimistic than the raw numbers show -- this is a season-long problem, not a one-week blip.",2026-09-29
2026_04_ARI_NYG,4,"Action Network Betting Primer (Evan Abrams, @EvanHAbrams / @ActionNetworkHQ), Week 4: [NYG] Jameis Winston is 17-6 to the Over in October in his career (since 2015) (+$945), going over the total by 4.8 PPG. That is the best mark of 52 QBs with at least 10 such games since 2015. | [ARI] Since 1990, we've only seen 14 teams enter a season with a win total below 5 and end up closing as a road favorite. Those teams are 9-5 SU/ATS, with the under 10-4 in those games. | [NYG] After the win last week against the Titans, John Harbaugh is 20-12 ATS since 2013 with a backup QB, including 11-4 SU in the first half when his team plays at home. | [ARI] Jacoby Brissett has made 34 career road starts -- he has closed as a favorite just twice: 2022 as a Brown in Atlanta and in 2019 as a Colt in Jacksonville. His teams lost both games SU/ATS. | [NYG] The Giants are 15-4 to the Under in the first four games of a season over the last five seasons (+$964), going under the total by 4.3 PPG. That is the best mark of any team in the NFL in that span. | [ARI] The Cardinals are 0-5 ATS the week after facing Kyle Shanahan over the last four seasons (-$500), failing to cover by 7.0 PPG. | [ARI] The Cardinals are 6-1 ATS against the NFC East over the last five seasons (+$451), covering by 4.0 PPG. Since leaving the NFC East in 2002, Cards are 32-17 ATS vs. their old division. | [ARI] Cardinals are the 7th team since 2010 to enter regular season with win total under 6 and play b2b divisional games within first four weeks of regular season. Those teams are 1-5 SU and 2-4 ATS after that divisional stretch, losing by 8.5 PPG. | [Both] It is no shock to anyone that Jacoby Brissett and Jameis Winston have faced off just once in their careers. The O/U was 46.5 and the Colts and Bucs combined for 72 total pts that day.",2026-09-29
2026_04_ATL_NO,4,"Action Network Betting Primer (Evan Abrams, @EvanHAbrams / @ActionNetworkHQ), Week 4: [ATL] The Falcons are 4-17 ATS in their 2nd straight road game over the last decade (-$1,331), failing to cover by 7.4 PPG. That is the worst mark of any team in the NFL in that span. | [ATL] Michael Penix Jr. is 0-4 ATS against the NFC South in his career (since 2024) (-$400), failing to cover by 14.1 PPG. | [NO] The Saints are 5-0 to the Under on Mondays over the last five seasons (+$455), going under the total by 5.9 PPG. | [NO] The Saints are 16-8 to the Under against the NFC South over the last five seasons (+$655). That is the best mark of any team in the NFL in that span.",2026-09-29
2026_04_DAL_HOU,4,"Action Network Betting Primer (Evan Abrams, @EvanHAbrams / @ActionNetworkHQ), Week 4: [HOU] The Texans are 18-2 to the Under off an ATS loss over the last three seasons (+$1,436), going under the total by 5.3 PPG. That is the best mark of any team in the NFL in that span. | [DAL] Brian Schottenheimer and Dak Prescott as a QB-coach duo are 18-2 to the first-half Over together (since 2025) (+$1,580). | [HOU] CJ Stroud is 1-10 ATS in the first four games of a season over the last three seasons (-$905), failing to cover by 4.4 PPG. That is the worst mark of 17 QBs with at least 10 such games in that span. | [DAL] Brian Schottenheimer is 8-0 to the first-half Over as an underdog in his career (since 2025) (+$800). | [DAL] Dak Prescott is 6-0 to the Over and 6-0 to the First Half Over against AFC opponents since the start of last season (+$545), going over the full game total by 7.5 PPG. | [HOU] CJ Stroud is 11-4 to the Under against NFC opponents in his career (since 2023) (+$600). That is the 2nd-best mark of 35 QBs with at least 10 such games since 2023. | [DAL] Dak Prescott is 6-2 ATS as an underdog since the start of last season (+$340). | [DAL] The Cowboys are 9-2 to the Over indoors over the last two seasons (+$618), going over the total by 9.7 PPG. That is the best mark of any team in the NFL in that span. | [DAL] Teams coming off an International Series game as a road dog are just 10-21-1 SU (15-16-1 ATS), including 1-12 SU in their last 13 games dating back to 2018. | [DAL] As an underdog, Dak Prescott is 6-2 ATS since start of last season. Dak's Cowboys have also scored at least 20 pts in ten straight games as an underdog (14 of their last 15 games as a dog). In Dak's last 7 games as a dog, here are Dallas' point totals: 31, 30, 31, 24, 24 37, 40",2026-09-29
2026_04_DEN_SF,4,"Action Network Betting Primer (Evan Abrams, @EvanHAbrams / @ActionNetworkHQ), Week 4: [SF] The 49ers are 0-6 ATS against the AFC West over the last five seasons (-$600), failing to cover by 8.3 PPG. | [DEN] Bo Nix is 9-2 ATS against NFC opponents in his career (since 2024) (+$617), covering by 9.3 PPG. That is the best mark of 25 QBs with at least 10 such games since 2024. | [DEN] It even hurts the Broncos. Since 2020, Denver is 11-20 SU and 12-19 ATS going on the road after a home game. | [DEN] Bo Nix has 11th fourth-quarter comebacks including the playoffs in his career, the 3rd-most by any QB in his first 3 seasons since 1950. Only John Elway (12) and Derek Carr (12) had more (via ESPN). | [DEN] The Broncos have come back down 10+ pts in consecutive games against Rams and Jaguars. Last decade, teams to win b2b games trailing by 10+ pts in each are just 7-13 ATS in their next game. | [DEN] Since start of last season, Broncos are now 5-3 SU in games when they are trailing by more than one possession at any point, the best mark in the NFL. | [SF] 49ers have lost 9 consecutive games ATS at home vs. NFC West, with their last cover coming back in October of 2023 -- the longest such streak for any team since the Raiders between 2003-06 with 10. When San Francisco faces a non-NFC West opponent at home, they are 9-3 SU and 8-4 ATS since 2024. | [DEN] This will be Sean Payton's 11th total game as a head coach vs. 49ers. he was favored in the first ten (7-3 SU), with this being his first as an underdog. | [DEN] From strictly an on-field results standpoint, Bo Nix has been a very different QB home vs road. Home: 17-3 SU, 14-6 ATS | 18-1-1 in a 7-pt teaser Road: 10-9 SU, 8-11 ATS | 16-3 in 7-pt teaser (2-10 ATS in his last 12 road starts) | [DEN] Nobody believes in us. Since start of 2024, Bo Nix has started 20 games where the other team was receiving majority ticket support -- Nix and the Broncos are 14-6 ATS in those games, most profitable mark for any QB in that span.",2026-09-29
2026_04_DET_CAR,4,"Action Network Betting Primer (Evan Abrams, @EvanHAbrams / @ActionNetworkHQ), Week 4: [CAR] The Panthers are currently on an 12-game ATS winning streak off a SU loss dating back to 2024. That is tied for the 3rd-longest ATS win streak after a SU loss (in same season) in Super Bowl era. 2022-25 Lions and 2011-13 Colts had a streak of 13 straight games. After a SU win, Panthers are now 2-7 ATS since start of last season. | [CAR] After last week, Bryce Young is now 9-12 SU (43%) when Carolina allows under 24 pts, which is tied for the worst win pct (min 20 gms) for any QB in the Super Bowl era. | [DET] Dating back to last season, the Lions are 0-6 SU/ATS in their last six games after a SU win. | [CAR] The Panthers are 7-0 to the Under in primetime (6p ET or later) since 2020 (+$636), going under the total by 9.4 PPG. | [DET] Jared Goff is 13-3 ATS as a road favorite over the last four seasons (+$871), covering by 4.5 PPG. That is the best mark of 14 QBs with at least 10 such games in that span. | [DET] The Lions are 18-4 ATS on the road after a home game over the last five seasons (+$1,233), covering by 4.3 PPG. That is the best mark of any team in the NFL in that span. | [CAR] The Panthers are 13-6 to the Over at home over the last three seasons (+$582), going over the total by 6.2 PPG. | [CAR] Bryce Young has started three games in primetime with the Panthers (6p ET or later) and they are 0-3 SU, with Carolina scoring 17 pts or less in all three games. | [CAR] Bryce Young has started 48 total games in his NFL career -- he has never closed with an over/under above 49. | [DET] Once cover kings: Lions haven't covered the spread in consecutive games since Weeks 2-5 of last season. Since then, they are 4-10-1 ATS in their last 15 games overall.",2026-09-29
2026_04_GB_TB,4,"Action Network Betting Primer (Evan Abrams, @EvanHAbrams / @ActionNetworkHQ), Week 4: [Both] Neither the Packers or Bucs have won a game against the spread since Week 14 of last season. They are 0-14-1 ATS combined since then. Since Week 3 of last season, the Packers and Bucs are a combined 7-29-1 ATS -- a true someone has to cover matchup. | [TB] The Buccaneers have failed to cover the spread in 12 consecutive games, the longest such streak in the Super Bowl era by any team. Ironically enough, the Bucs also hold the longest straight up losing streak, dropping 26 straight games to start their franchise in 1976-77. | [GB] The Packers are 2-9-1 ATS on the road since the start of last season (-$722), failing to cover by 3.2 PPG. That is the worst mark of any team in the NFL in that span. | [Both] Packers-Buccaneers games are 36-18 to the Under since 1980 (+$1,473). | [GB] The Packers are 0-4 ATS against a backup QB since the start of last season (-$400), failing to cover by 7.0 PPG. The Packers are 4-0 to the Over against a backup QB since the start of last season (+$364), going over the total by 9.5 PPG. | [GB] The Packers are 6-1 to the Under with extra rest (8+ days, no bye) over the last three seasons (+$445), going under the total by 12.8 PPG. | [GB] Last team to make the Super Bowl after starting the season 0-3 ATS? 1997 Packers -- who are the only team to do it in the last 50 years. | [GB] Tough game on TNF last week for Packers: Packers lost by 21 pts as a 4.5-pt favorite, faling to cover the spread by 25.5 points at home vs. Falcons -- worst ATS loss at home for GB since 2018. Green Bay starts the season 0-3 ATS for the first time since 2002. | [GB] Last three seasons, Jordan Love is 12-22-1 ATS as a starting QB, least profitable QB ATS in the NFL and the worst ATS win pct for any QB (min 15 starts) in that span. | [GB] Jordan Love has failed to cover 6 straight games dating back to last season. That is his longest such streak for a Packers QB since Brett Favre in 1997. | [TB] In the Super Bowl era, we had seen seven instances of a coach failing to cover the spread in ten straight games entering this year. They went 7-0 ATS in that 11th game. In Weeks 2 and 3, Todd Bowles made history by failing to cover both games. On to Week 4. | [GB] Jordan Love is a road favorite vs. backup QB, Jalon Daniels and Bucs this week. Going back to the end of 2024, Love has lost 11 consecutive starts ATS when receiving majority ticket support.",2026-09-29
2026_04_IND_WAS,4,"Action Network Betting Primer (Evan Abrams, @EvanHAbrams / @ActionNetworkHQ), Week 4: [IND] The Colts are 7-1 ATS in October over the last three seasons (+$551), covering by 7.4 PPG. | [WAS] The Commanders are 9-2 to the Over with a backup QB starting since the start of last season (+$618), going over the total by 6.4 PPG. | [IND] Daniel Jones is 15-6 to the Under in non-conference games in his career (since 2019) (+$764). That is the 2nd-best mark of 43 QBs with at least 10 such games since 2019. Daniel Jones is 2-12 ATS against NFC opponents over the last four seasons (-$1,021), failing to cover by 7.9 PPG. That is the worst mark of 34 QBs with at least 10 such games in that span. | [IND] Shane Steichen is 4-11 ATS against NFC opponents in his career (since 2023) (-$740), failing to cover by 4.4 PPG. That is the 2nd-worst mark of 35 head coaches with at least 10 such games since 2023. | [Both] Since 2013, we've seen 13 International Series games where at least one team started a backup QB -- the over is 10-3 in those games, going over the total by 3.6 PPG. | [WAS] Dan Quinn and Marcus Mariota as a QB-coach duo are 5-0 to the Over at home (since 2025), going over the total by 14.9 PPG. | [WAS] Marcus Mariota is 11-25-1 ATS in the full game spread and the first half spread the game after a SU win for his team, including 4-15 SU/ATS when that game is away from home. | [IND] Favorites have excelled in international games. They are 42-15-1 SU and 35-23 ATS, including 11-5 SU when both teams are under .500 SU entering the game. | [IND] Daniel Jones has faced a Dan Quinn-led team twice in his career as a starter, both with the Giants vs. Commanders. New York went 0-2 SU/ATS, both during the 2024 season.",2026-09-29
2026_04_JAX_CIN,4,"Action Network Betting Primer (Evan Abrams, @EvanHAbrams / @ActionNetworkHQ), Week 4: [CIN] The Bengals are 8-0 to the first-half Over as a favorite since the start of last season (+$800). | [JAX] Trevor Lawrence is 12-4 against the first-half spread against AFC opponents since the start of last season (+$760). That is the best mark of 13 QBs with at least 10 such games in that span. | [Both] Teams covering by 10+ PPG on the season (minimum three games) are 47-72-3 ATS in their next game over the last 15 seasons (-$2,771). This week that includes the Jaguars, Raiders, 49ers and Vikings. | [CIN] Joe Burrow is 8-3 ATS against the AFC South in his career (since 2020) (+$433). That is the best mark of 16 QBs with at least 10 such games since 2020. Zac Taylor is 11-3 ATS against the AFC South since 2020 (+$707), covering by 4.6 PPG. That is the best mark of 11 head coaches with at least 10 such games in that span. | [CIN] In six career games after facing the Steelers, Joe Burrow and the Bengals are 5-1 to the under in those subsequent matchups. | [JAX] Trevor Lawrence has faced a Zac Taylor-led team three times as a starting QB, the Jaguars have lost all three games by 3, 3 and 4 total points, with Lawrence going 0-3 both SU and ATS in the 2nd half. | [CIN] Not a sure thing: Joe Burrow has started 12 games at home off of a SU loss, he is 5-7 SU and 5-6-1 ATS in those games with just one cover since start of 2023 season. | [CIN] Miami On Deck: Bengals travel to Miami to face the Dolphins next week. Teams with a road game to Miami on deck are just 15-26 ATS last 5 seasons, including 4-14 ATS in the last 18 games in this spot.",2026-09-29
2026_04_KC_LV,4,"Action Network Betting Primer (Evan Abrams, @EvanHAbrams / @ActionNetworkHQ), Week 4: [LV] When two undefeated SU teams play in Week 4 or later, the home team is 26-16-1 SU and 25-17-1 ATS in the Super Bowl era. This is just the 2nd of these games since 2021, with Bucs/Eagles last year. Home dogs in this spot are 9-6-1 SU and 13-3 ATS, covering by 7.6 PPG. | [LV] Kirk Cousins has won 7 straight games on the moneyline dating back to last season. That is his longest such streak since 2022. | [LV] Kirk Cousins is 8-0 to the Under against the AFC West since 2020 (+$727), going under the total by 7.8 PPG. Krk Cousins is 10-1 to the Under against AFC opponents over the last four seasons (+$809), going under the total by 5.4 PPG. That is the best mark of 33 QBs with at least 10 such games in that span. | [KC] Patrick Mahomes is 14-6 to the Over indoors in his career (since 2019) (+$673). That is the 3rd-best mark of 41 QBs with at least 10 such games since 2019. | [KC] The Chiefs are 11-2 to the Under in division games over the last three seasons (+$800), going under the total by 6.4 PPG. That is the best mark of any team in the NFL in that span. | [LV] Kirk Cousins is 0-4 ATS against Andy Reid-coached teams in his career (since 2017) (-$400), failing to cover by 4.1 PPG. | [KC] Since the beginning of the 2022 season, Mahomes has covered two road games vs. AFC West -- he is 2-6-1 ATS -- and both of those ATS wins have come against the Raiders. | [LV] The Raiders are 3-0 SU after entering the season with 150-1 odds to win it all. Vegas joins 2011 Bills starting 3-0 after entering year at 150-1 or longer in last 40 yrs. | [KC] Road Warrior: Patrick Mahomes has started five career road games vs. teams holding a win pct of above 90% on the season, Chiefs are 5-0 SU (3-2 ATS), winning by 9.4 PPG. | [KC] With extended rest on deck, the Chiefs under Mahomes have been hard to beat. They are 14-2 SU and 12-2-2 ATS the game before at least 12+ days rest before their next game. Last year's loss to the Bills in this spot broke a 9-game ATS win streak for Mahomes in this spot.",2026-09-29
2026_04_LA_PHI,4,"Action Network Betting Primer (Evan Abrams, @EvanHAbrams / @ActionNetworkHQ), Week 4: [Both] Teams the week after facing Sean Payton are 4-16 ATS since the start of last season (-$1,242), failing to cover by 6.3 PPG. | [LA] Matthew Stafford is 8-1 to the Over against the Eagles in his career (since 2012) (+$627), going over the total by 4.3 PPG. | [PHI] The Eagles are 28-15 to the first-half Over at home over the last five seasons (+$1,150). That is the 3rd-best mark of any team in the NFL in that span. | [PHI] Jalen Hurts is 11-3 straight up on short rest (under a full week) over the last five seasons (+$187). That is the 3rd-best mark of 15 QBs with at least 10 such games in that span. | [LA] The Rams entered the season wth 5-1 odds to win the Super Bowl and are now 1-2 SU through three weeks. They join the 2021 Chiefs, 2015 Seahawks, 2002 Rams and 2000 Redskins as teams to start under .500 SU through three weeks after entering year at 5-1 or shorter. | [PHI] Eagles are 0-3 SU, ATS and to the under in the first quarter this season -- the only 0-3 SU team in the first quarter this season. | [LA] When the Rams under Sean McVay face a team who is on short rest, they are 17-8 SU and 16-9 ATS, but the Rams actually went 0-3 SU in this spot last season. | [LA] Rams have historically struggled when facing the Eagles. They are 0-4 SU over the last 5 seasons and 1-10 SU and 2-9 ATS dating back to 2005. McVay and Stafford are 0-4 SU vs Eagles, losing by 9.8 PPG. | [LA] Great teams off a loss. Since 1990, when two teams with double-digit preseason win totals are both off a loss, the favorite is 14-27-1 ATS, failing to cover the spread by 3.8 PPG. | [PHI] The Eagles and Packers have burned bettors the most this season. They are the lone 0-3 ATS teams when receiving majority ticket support this season.",2026-09-29
2026_04_LAC_SEA,4,"Action Network Betting Primer (Evan Abrams, @EvanHAbrams / @ActionNetworkHQ), Week 4: [LAC] The Chargers have lost 6 straight games on the moneyline dating back to last season. That is their longest such streak since 2017. The Chargers have failed to cover 6 straight games dating back to last season. That is their longest such streak since 2020. Charger franchise hasn't lost 6 straight both SU and ATS since 2011 before this week. Since 2012, Chargers are just 2nd team, even across seasons, to lose 6 consecutive games SU & ATS with a win total of 9.5+, joining Commanders last year. | [LAC] Jim Harbaugh is 0-6-1 ATS against the Seahawks over the last 15 seasons (-$600), failing to cover by 9.9 PPG. | [SEA] Sam Darnold is 20-7 straight up in non-conference games in his career (since 2018) (+$1,948), including 12-0 over the last three seasons -- 7-0 SU with the Seahawks and 5-0 SU with the Vikings. | [LAC] Justin Herbert has started four games with the Chargers as an underdog going from EST to PST , L.A. is 2-1-1 ATS, but 0-4 SU. | [LAC] Teams on a road trip to Seattle (road game to road game), are 1-10 SU since 2023 and 12-43 SU since 2005. | [LAC] The Texans and Chargers both had preseason win totals of 9.5 entering this year and are both 0-3 straight up. This is the first time since 2004 two or more teams with 9.5+ win totals both started 0-3 in the same season. | [LAC] Justin Herbert suffered his first ATS loss as a 6+ pt underdog last week vs. Bills -- he is now 1-7 SU and 6-1-1 ATS in that spot. As a dog of over 3 pts, Herbert is 12-4-1 ATS (4-13 SU), including 14-3 1H ATS in those games. | [SEA] Seahawks not only lost last week vs. Commanders, they also lost the money half (ATS that is). Seattle was 10-0-1 2H ATS in their last 11 games before that loss. | [SEA] Seahawks have won 11 consecutive games outright with an NFC West opponent on deck. | [LAC] Chargers had expectations and now not only are they 0-3, but they've scored under 17 pts in each of their first three games. Last 30 yrs, only six teams have entered the season with under 20-1 Super Bowl odds and scored under 17 pts in their first 3 games. Those teams went 0-6 SU and 0-4-2 ATS in their next game -- and only one other team aside from 2026 Chargers has done this since 2005 -- that is 2022 Broncos.",2026-09-29
2026_04_MIA_MIN,4,"Action Network Betting Primer (Evan Abrams, @EvanHAbrams / @ActionNetworkHQ), Week 4: [MIA] Ignoring preseason expectations, Dolphins are still having a start for the ages. Since 2002, only two other teams have scored fewer than 14 pts in each of their first 3 games while losing by 14+ PPG to begin the year: 2019 Dolphins (of course) and 2008 Rams. Since 1990, only two teams entered the season with a win total under 5 and scored fewer than 14 pts in each of their first 3 games while losing by 14+ PPG to begin the year: 2026 Dolphins and the 2019 Dolphins. | [MIN] The Vikings are averaging 137 pass yds per game this year, worst mark in the NFL. Since 2003, teams averaging 150 pass yds or less in their 4th game or later, are 55-83-6 ATS (40%). The last time we saw a team close as a double-digit favorite in their 4th game or later after averaging 150 pass yds or less, have to go back to 2013 Texans. | [MIN] The lookahead over/under in Dolphins-Vikings was 43.5 -- that has dramatically come down now. With any closing total of under 41, it would be the lowest O/U in any Kyler Murray start in his career (91 total starts). | [MIN] Kevin O'Connell is 12-3 to the first-half Under against AFC opponents over the last four seasons (+$870). That is the best mark of 36 head coaches with at least 10 such games in that span. | [MIN] Kyler Murray is 19-6 to the Under on turf in his career (since 2019) (+$1,127), going under the total by 5.3 PPG. That is the best mark of 56 QBs with at least 10 such games since 2019. | [MIN] Vikings are the first team to start 3-0 SU with under 250 total yards in each game since the 1957 Browns, who had Jim Brown as a rookie with MVP. | [MIN] Dolphins are struggling to score this year, averaging just 12 PPG. Kyler Murray has faced 21 teams in his career averaging under 20 PPG on the season -- Kyler is 15-6 ATS in those games, covering by 3.8 PPG.",2026-09-29
2026_04_NE_BUF,4,"Action Network Betting Primer (Evan Abrams, @EvanHAbrams / @ActionNetworkHQ), Week 4: [NE] As an underdog of 3+ pts, Mike Vrabel is 25-25 SU (30-18-2 ATS) as a head coach. A $100 bettor taking Vrabel on the moneyline in those 50 games would be up ~$3,000. 214 head coaches have had 20+ games as a 3+ pt dog, only two are .500 SU or better: Matt LaFleur (14-12 SU) & Vrabel (25-25 SU). As a 6+ pt dog, Vrabel is 9-8 SU -- only coach (min 10 gms) at 50% or higher in that spot. | [NE] Mike Vrabel is 16-4 ATS in October since 2020 (+$1,097), covering by 8.0 PPG. That is the best mark of 34 head coaches with at least 10 such games in that span. | [NE] Drake Maye is 8-2 ATS against the AFC East in his career (since 2024) (+$527), covering by 7.0 PPG. | [NE] Drake Maye is 3-1 ATS against the Bills in his career (since 2024) (+$177), covering by 7.5 PPG. | [BUF] The Bills are 5-15 ATS at home against the Patriots over the last 20 seasons (-$1,047), failing to cover by 6.4 PPG. | [NE] Patriots have won and covered 5 games in a row off of a straight up loss and he is 26-18-3 ATS in that spot as a head coach, including 4-0 SU/ATS with the Patriots, covering the spread by 13 PPG.",2026-09-29
2026_04_NYJ_CHI,4,"Action Network Betting Primer (Evan Abrams, @EvanHAbrams / @ActionNetworkHQ), Week 4: [NYJ] Jets closed with an over/under of 49.5 at Detroit last week -- highest for the franchise since 2020. | [NYJ] This will be the fourth game Aaron Glenn coaches on a road trip with the Jets -- New York is 0-3 SU (1-2 ATS), losing by 14 PPG.",2026-09-29
2026_04_PIT_CLE,4,"Action Network Betting Primer (Evan Abrams, @EvanHAbrams / @ActionNetworkHQ), Week 4: [PIT] Aaron Rodgers is 13-5-1 ATS on Thursdays in his career (since 2009) (+$735), covering by 3.7 PPG. That is the 3rd-best mark of 21 QBs with at least 10 such games in the Super Bowl era. | [PIT] Aaron Rodgers has faced 29 opponents who entered the season with a win total below 7 over the last decade. The under is 19-9-1 in those matchups. | [CLE] Browns are 1 of 3 teams 3-0 SU in the 4th quarter this season, joining the Vikings and Seahawks. | [CLE] At home on Thursday night, Browns are 10-2 SU and 9-3 ATS as a franchise, they've won 9 in a row outright. | [Both] We've seen a total of 53 Thursday night football games where the total closed under 40 -- the under is 32-19-2, including 22-10-2 to the first half under since 2005. | [CLE] Deshaun Watson is 8-1 to the Under at home over the last five seasons (+$627), going under the total by 8.0 PPG. | [PIT] Aaron Rodgers is 5-0 to the Under against the Browns in his career (since 2009) (+$455), going under the total by 6.1 PPG. | [CLE] The Browns are 7-2 ATS at home against the Steelers over the last 10 seasons (+$449), covering by 3.3 PPG. | [CLE] First-year head coaches (w/ no HC experience) playing on 4 days rest or less in the first four weeks of the regular season are 3-9 SU/ATS dating back to 2010. | [CLE] Nov. 12, 2023: Last time Deshaun Watson won consecutive starts outright. He was on a 4-game SU winning streak at that time.",2026-09-29
2026_04_PIT_CLE,4,"THREE CALLS ON RECORD BEFORE KICKOFF (Thu 10/1): model CLE +7.3 (PIT -7.3), user's own read CLE +3 (comfortable taking CLE as high as +2.5, or buying the half-point to +3.5), market CLE +2.5 (PIT -2.5). User's read sits almost exactly on the market; the model is the outlier here, more than double the market/user number in CLE's favor. Grade all three against the actual result Thursday night.",2026-09-30
2026_04_PIT_CLE,4,"CONFIRMED injuries not yet reflected in the model (2026-10-01, via Schefter/multiple outlets) -- nflverse's Week 4 injury feed only has practice-participation data so far, no official report_status yet, so injury_burden currently reads BOTH teams as zero reported injuries. PIT OUT: CB Joey Porter Jr. (back, ruled out Wednesday despite full practice participation Mon/Tue), RB Rico Dowdle (toe). PIT Questionable: CB Jalen Ramsey (wrist), CB Brandin Echols (concussion, expected to play). CLE OUT: WR Tylan Wallace (knee), G Teven Jenkins (back), C Elgton Jenkins (concussion) -- two interior OL losses, relevant for Watson's protection. CLE Questionable: CB Tyson Campbell (knee), S Grant Delpit (shoulder), OT Tytus Howard (knee). None of these are QBs, so no starter override applies -- not hand-adjusting the model's number for depth/position-group losses we can't properly weight, but treat the model's current prediction as blind to all of the above.",2026-10-01
2026_04_PIT_CLE,4,"GRADED (2026-10-02): Final CLE 27, PIT 24 -- Browns won outright. All three pre-game calls graded: model (PIT -7.3 / CLE +7.3) -- WRONG on SU, ATS vs market, AND its own line, PIT didn't even win the game. Market (PIT -2.5) -- WRONG, favorite lost outright. User's read (CLE +3, comfortable to +2.5, would buy to +3.5) -- CORRECT and not close, CLE won outright so every number in that range covers clean, no push. User also had a real CLE +3 bet on record (logged in outputs/bets.csv) -- graded WIN. This was the single largest model-vs-market edge of the week (-4.8 pts), and SHAP analysis before kickoff found ~70% of that edge traced to the same true-zero injury_burden artifact flagged twice before (GB@NYJ, SEA@ARI) -- this result is a concrete, real-world data point confirming that diagnosis was right to be skeptical of, not just a theoretical concern.",2026-10-02
2026_04_LA_PHI,4,"CONFIRMED (2026-10-03): Eagles are extremely banged up on offense for this game -- OUT: DeVonta Smith (WR1), Marquise Brown (WR), Dallas Goedert (TE1), Fred Johnson (T), plus Zack Baun (LB) and Marcus Epps (S) on defense. Losing both starting outside receivers AND the starting TE in the same game is a severe weapons shortage for Jalen Hurts -- injury_burden will reflect the designations by count, but can't capture that these are specifically Hurts' top three pass-catching options, not depth pieces. Treat PHI's offensive projection as more pessimistic than the raw numbers show.",2026-10-03
2026_04_MIA_MIN,4,"CONFIRMED (2026-10-03): Justin Jefferson (MIN's WR1 and one of the best receivers in the NFL) is OUT. Separate from the already-noted Achane (MIA) situation -- this is the other side of the ball losing its best offensive weapon. Treat MIN's offensive projection as more pessimistic than the raw numbers show, same caveat as the MIA note above.",2026-10-03
2026_04_NYJ_CHI,4,"UPDATE (2026-10-03): CHI's QB situation is now RESOLVED -- Tyson Bagent confirmed starting over Case Keenum (override updated accordingly, see qb_starter_overrides.csv). Separately, NYJ's starting RB Breece Hall is OUT, along with WR Adonai Mitchell, TE Mason Taylor, and G Dylan Parham -- a real offensive-line/skill-position hit for the Jets on top of the QB uncertainty already noted for Chicago.",2026-10-03
2026_04_TEN_BAL,4,"Action Network Betting Primer (Evan Abrams, @EvanHAbrams / @ActionNetworkHQ), Week 4: [TEN] The Titans are 8-1 to the Over the week before a division game over the last three seasons (+$627), going over the total by 9.3 PPG. | [TEN] The Titans are 5-15-1 ATS against the AFC North over the last 10 seasons (-$1,041). That is the 3rd-worst mark of any team in the NFL in that span. | [BAL] After failing to cover the spread last week as 3.5-pt favorites, Lamar Jackson is now 3-9 ATS as a favorite of more than a FG since start of last season.",2026-09-29
2026_04_IND_WAS,4,"SUNDAY AM (London, 9:30 ET): WAS has Daniels (elbow), RB Rachaad White, G Cosmi and S Cross OUT; WR Terry McLaurin reported INACTIVE (hamstring). Model already uses Mariota at QB. Market moved IND -4.5 -> -3.5 despite 67% of tickets on IND. Keenan Allen OUT for IND.",2026-10-04
2026_04_TEN_BAL,4,"SUNDAY AM: Lamar Jackson cleared (back). BAL missing both C Gwyn and C Pocic plus Hendrickson (finger); Flowers/Stanley/Moore questionable. Rain ~60% in Baltimore, ~8mph wind. TEN: Spears (RB) questionable. Spread BAL -11.5 with 82% tickets AND 82% money.",2026-10-04
2026_04_NE_BUF,4,"SUNDAY AM: Maye (shoulder) has NO designation. NE out: DT Barmore, CB Gonzalez, S Schooler; WR A.J. Brown on IR (>=4 games), RG Onwenu on IR. BUF: T.J. Sanders doubtful, Josh Allen clear. Line crept BUF -5.5 -> -7 (sharp: 61% money on 68% tickets). Model BUF -4.5 -> model leans NE +7, but the injuries fall hard on NE's secondary.",2026-10-04
2026_04_ARI_NYG,4,"SUNDAY AM: NYG QB is Jameis Winston (Dart out for season; Giants also traded for J.J. McCarthy 9/28). Brian Burns (edge) out for season w/ ACL; NYG has no other designations. Line flipped from NYG -2.5 open to ARI -2.5 (79% tickets / 92% money on ARI). Rain ~56% at MetLife. ARI: S Taylor-Demerson out, Sweat questionable.",2026-10-04
2026_04_GB_TB,4,"SUNDAY AM: TB QB is Jalon Daniels (3 career dropbacks) -- Mayfield (thumb) out min. 3 wks. Also TB out: TE Kieft, OLB Bain, CB Morrison, WR McMillan. GB out: WR Jayden Reed (neck, season), G Banks, OL Monk, DT Brinson. Line GB -1.5 -> -3.5, total 45.5 -> 38.5 (a 7-pt collapse), yet 86% of tickets/92% of money are on TB +3.5 (contrarian signal).",2026-10-04
2026_04_MIA_MIN,4,"SUNDAY AM: Total is 38.5 (opened 43.5-45) vs model total ~45.5 -- a 7-pt disagreement. TREAT THE MODEL TOTAL AS UNRELIABLE HERE (O/U model is untested live; the market is pricing both offenses as broken: MIA lost Achane ACL, WR Douglas; MIN lost Jefferson and TE Oliver (IR)). Spread MIN -10.5 vs model MIN -6.7: MIA +10.5 is the model's largest ATS edge of the week.",2026-10-04
2026_04_KC_LV,4,SUNDAY AM: LV QB is Kirk Cousins (Raiders 3-0; Aidan O'Connell back from personal leave as emergency QB only). LV G Jackson Powers-Johnson out (Caleb Rogers replaces). KC LT Josh Simmons out. Line KC -5.5 -> -4.5 even though 73% of money is on KC; total 45.5 -> 47.5.,2026-10-04
2026_04_LAC_SEA,4,"SUNDAY AM: Herbert starts; Trey Lance (QB2) questionable. LAC out: WR Brenen Thompson, TE Kolar, G Awosika, DT Tomlinson; McConkey, Derwin James, Donte Jackson questionable. SEA out: RBs Charbonnet and Price (IR). SEA -7 holding at the key number despite 93% of money.",2026-10-04
2026_04_DEN_SF,4,"SUNDAY AM: Nick Bosa, Mykel Williams, James Thompson (all DL) OUT for SF; Mike Evans (ribs) a game-time decision; Trent Williams has no designation. DEN is healthy (only LB Tillman out). Line SF -3.5 -> -3; DEN holds 52% of handle. Model total 44.7 vs market 47.5.",2026-10-04
2026_04_DET_CAR,4,"SUNDAY NIGHT: CB Jaycee Horn (CAR) on IR for 6-12 weeks; CAR also missing WR Legette (IR), G Lewis, and RT Freeling is concussed-questionable. DET: G Bartch out, CB D.J. Reed questionable. Rain likely (60%). Line DET -2.5 -> -3.5.",2026-10-04
2026_04_ATL_NO,4,"SUNDAY AM: Penix back for ATL (since Wk3). NO RB Travis Etienne OUT (IR), LB Kaden Elliss and edge Jennings/Granderson out. Earlier injury_burden artifact flag CLEARED after updated injury reports posted (both teams now read nonzero). Model NO -0.2 vs market NO -2.5.",2026-10-04
2026_04_ATL_NO,4,"MNF GAMEDAY (2026-10-05): Inactives posted. NO out: LB Kaden Elliss, TE Noah Fant (was questionable), EDGE Granderson and Jennings, DT Christen Miller, CB Decamerion Richardson; LB Pete Werner (shoulder, did not practice) ACTIVE -- the only Saints defender who can plausibly slow Bijan Robinson. RB Travis Etienne on IR. ATL: LB Deablo and DE Ebukam (both questionable) ACTIVE; inactives are only backups (Rush, Strand, DeWalt, Longerbeam, Iven, Onianwa), so ATL is full-strength with Penix. Indoors, no weather. Line: NO opened -3, now -1.5 (ML NO -120/ATL +100), total 47.5-48; DraftKings/Fanatics moved toward ATL while tickets stay heavy on NO. Model NO -0.2 / ATL 52% win -- ATL +1.5 edge is small (1.3 pts). The injury_burden artifact flag cleared after updated reports posted. No model change warranted: the changes net to roughly zero (Fant out, Werner/Deablo/Ebukam active).",2026-10-05
2026_05_BAL_ATL,5,"Action Network Betting Primer (Evan Abrams, @EvanHAbrams / @ActionNetworkHQ), Week 5: [BAL] The Ravens have failed to cover 7 straight games after a straight-up win in the same season, tied for the 2nd-longest active streak in the NFL with the Lions. The Titans own the longest streak at 12 games, also the all-time record. | [ATL] The Falcons are 1-13 ATS against the AFC North over the last 15 seasons (-$1,207), failing to cover by 7.9 PPG. That is the worst mark of any team in the NFL in that span. | [ATL] The Falcons are 18-33 ATS at home since 2020 (-$1,659). That is the worst mark of any team in the NFL in that span. | [BAL] The Ravens are 9-1 ATS in the middle of a road trip over the last five seasons (+$720), covering by 8.6 PPG. | [Both] First-year head coaches as road favorites are 13-3 to the Over since the start of last season (+$882), going over the total by 8.2 PPG. Fits this week: Ravens. | [BAL] Lamar Jackson is 14-3 ATS on turf over the last five seasons (+$960), covering by 6.0 PPG. That is the best mark of 42 QBs with at least 10 such games in that span. | [BAL] Lamar Jackson is 5-0 ATS indoors over the last three seasons (+$457), covering by 9.3 PPG. | [BAL] After failing to cover the spread against the Cowboys and Titans, Lamar Jackson is now 3-10 ATS as a favorite of more than a FG since start of last season. | [BAL] After a SU win, Lamar Jackson has failed to cover the spread in 7 straight starts. Lamar is 6-13 ATS after a SU win in his last 19 starts in the spot.",2026-10-06
2026_05_BUF_LA,5,"Action Network Betting Primer (Evan Abrams, @EvanHAbrams / @ActionNetworkHQ), Week 5: [BUF] Josh Allen has started 13 career games coming off a SU home loss. The Bills are 10-3 SU, 7-5-1 ATS, but its the second half Buffalo closes, where they are 10-2-1 SU and 12-1 ATS in second half. | [BUF] Only twice in his career has Josh Allen been an underdog coming off extended prep time (over a full week) and a SU loss -- once in 2023 vs Chiefs (a win) ad once in 2019 vs Jets (a loss). | [LA] Incredible comeback by the Rams last week, trailing by 10 points entering the 4th quarter. Since start of 2023, Rams have played five games directly after a 10+ point comeback, they are 1-4 SU, losing 4 straight.",2026-10-06
2026_05_CHI_GB,5,"Action Network Betting Primer (Evan Abrams, @EvanHAbrams / @ActionNetworkHQ), Week 5: [GB] Jordan Love is 7-0 against the first-half spread in division games since the start of last season (+$700). | [GB] Jordan Love is 7-1 to the first-half Under at home since the start of last season (+$590). | [CHI] The Bears are 8-18 against the first-half spread in division games over the last five seasons (-$1,180). That is the 2nd-worst mark of any team in the NFL in that span. | [GB] Matt LaFleur is 12-3 SU and 11-4 ATS vs. Bears as head coach of the Packers, that 11-4 ATS mark is the best win pct for any GB head coach vs. Bears in Super Bowl era (min 5 games). | [GB] The Bears are road favorites in Lambeau Field this week. The Packers haven't closed under a 3-point favorite at home vs. Bears since 2006 (19 meetings ago) and its only happened twice dating back to 1992 (2005, 2006). | [GB] At home in Green Bay, Jordan Love is 15-2 SU when the Packers allow under 24 pts and 0-7 SU when they allow 24 pts or more. | [CHI] Ben Johnson is 15-7-1 ATS (67%) as the Bears head coach, the best ATS start for any Bears head coach in the Super Bowl era. 2nd-best? Matt Nagy at 14-9 ATS. | [GB] In Matt LaFleur's coaching career, he has faced 22 backup QBs -- the Packers are 19-3 SU (11-11 ATS). Green Bay closed as an underdog in just one of those games -- back in 2023 against the Vikings. | [GB] Presented without comment: Jordan Love is 4-3 SU vs Bears. Aaron Rodgers and Brett Favre were a combined 47-15 SU vs Chicago. Matt LaFleur is 12-3 SU and 11-4 ATS vs Bears, the best ATS mark for any Packers head coach in Super Bowl era. | [GB] Packers have lost two consecutive games both SU and ATS vs. Bears entering this week. + Green Bay hasn't lost 3 straight ATS vs Bears since 1997-99. + Green Bay last lost 2 consecutive games outright vs. CHI back in 2007 and 2005-06 last time they lost 3 straight. | [CHI] Ben Johnson has done it all so far in Chicago -- except this. He's coached eight games vs NFC North, Chicago is 3-5 SU/ATS, including 1-3 SU/ATS as a favorite and 2-6 1H SU/ATS. In 15 games against non-NFC North opponents, Ben Johnson and the Bears are 12-3 SU and 12-2-1 ATS.",2026-10-06
2026_05_CIN_MIA,5,"Action Network Betting Primer (Evan Abrams, @EvanHAbrams / @ActionNetworkHQ), Week 5: [CIN] The Bengals are a 7.5-point favorite on the road, their biggest on the road since 2021. | [MIA] Malik Willis is 0-5 against the first-half spread as a starter since the start of last season (-$550). | [CIN] The Bengals are 8-1 to the first-half Over as a favorite since the start of last season (+$690). | [CIN] Joe Burrow is 12-3 against the first-half spread on the road over the last three seasons (+$870). That is the best mark of 28 QBs with at least 10 such games in that span. | [CIN] Joe Burrow is 7-1 ATS against the AFC East over the last five seasons (+$549), covering by 6.5 PPG. | [MIA] The Dolphins are 0-4 ATS against the AFC North since the start of last season (-$400), failing to cover by 16.8 PPG. | [CIN] The Bengals are 4-0 ATS with Lamar Jackson on deck over the last three seasons (+$364), covering by 4.0 PPG. | [CIN] Joe Burrow has dominated the Dolphins in his career. He is 2-0 SU/ATS with 6 TD passes, 0 interceptions, winning by double-digits in both games. | [CIN] Against bad pedigree teams (win total under 6), Zac Taylor and Bengals have dominated second halves going 10-2-1 SU and 10-3 ATS. | [CIN] Joe Burrow has started 20 career games on the road coming off a SU loss -- the Bengals are 16-4 ATS in those games, including 9-1 SU/ATS as a favorite. | [MIA] Dolphins are struggling to score this year, averaging just 11.5 PPG, scoring 13 pts or less in all 4 games. Facing Joe Burrow and you can't score has never been great. Teams facing Burrow averaging under 20 PPG on the season are 3-13 SU and 6-10 ATS.",2026-10-06
2026_05_CLE_NYJ,5,"Action Network Betting Primer (Evan Abrams, @EvanHAbrams / @ActionNetworkHQ), Week 5: [CLE] The Browns are 5-17-1 ATS with a rest advantage of 3+ days over the last 15 seasons (-$1,206), failing to cover by 4.5 PPG. That is the worst mark of any team in the NFL in that span. | [CLE] The Browns are 8-20 ATS on the road over the last four seasons (-$1,265), failing to cover by 6.0 PPG. That is the worst mark of any team in the NFL in that span. Cleveland won their last road game beating the Bucs in Week 2. Browns haven't won two straight road games outright since 2020. | [NYJ] Geno Smith is 0-5 ATS against the AFC North over the last four seasons (-$500), failing to cover by 11.6 PPG. | [NYJ] The Jets are 4-0 ATS against the AFC North since the start of last season (+$364), covering by 4.4 PPG. | [NYJ] Geno Smith is 4-0 to the Over at a rest disadvantage of 3+ days since the start of last season (+$364), going over the total by 7.9 PPG. | [CLE] The Browns are 3-1 SU through 4 games and half way to their win total over of 5.5. They are 3rd team last 40 yrs to enter yr 200-1 or longer to win it all and start 3-1 or better. | [CLE] Deshaun Watson is on a roll. He's won and covered 3 straight games for Cleveland -- the first time he's done that as a starting QB since 2018. Watson has never won and covered 4 straight. | [CLE] At home on Thursday night, Browns are now 11-2 SU and 10-3 ATS as a franchise after last week, they've won 10 in a row outright. Since 2021, they've played four games directly after a home Thursday game, they are 0-4 SU/ATS. | [CLE] First-year head coaches on extended prep time, when they enter the season at 100-1 or longer to win it all, are just 39-57-1 (41%) against the first half spread dating back to 2005. Normally, first-year HC are 47% 1H ATS on extended prep time in that span. | [NYJ] Geno Smith is 6-16-2 ATS as a favorite over the last five seasons and 12-21-2 ATS (36.4%) in his career. In the Super Bowl era, that 36.4% ATS win pct as a favorite is the lowest (min 25 starts) for 175 total QBs.",2026-10-06
2026_05_DEN_LAC,5,"Action Network Betting Primer (Evan Abrams, @EvanHAbrams / @ActionNetworkHQ), Week 5: [DEN] Sean Payton is 32-13-2 ATS in October over the last 15 seasons (+$1,743), covering by 4.7 PPG. | [LAC] Jim Harbaugh and Justin Herbert as a QB-coach duo are 10-1-1 ATS in division games (since 2024) (+$829), covering by 3.4 PPG. | [DEN] Bo Nix is 0-5 ATS as a road favorite since the start of last season (-$500), failing to cover by 4.1 PPG. | [DEN] Bo Nix is 6-1 to the Under in division games since the start of last season (+$445), going under the total by 7.5 PPG. | [LAC] Jim Harbaugh is 6-1 ATS (5-2 SU) against Sean Payton in his career (since 2011) (+$440), covering by 3.6 PPG. | [LAC] Justin Herbert and Bo Nix have faced off as opposing starting QBs three times. The Chargers are 3-0 SU/ATS, winning all three games by 7 pts or less. | [LAC] The Chargers have lost 7 straight games on the moneyline dating back to last season. That is their longest such streak since 2017. The Chargers haven't covered the spread in a game since Week 16 last season (0-6-1 ATS), their longest streak since 2016-17 (0-8-1 ATS). | [LAC] As a dog of over 3 pts, Justin Herbert is 12-4-2 ATS (4-14 SU), including 14-4 1H ATS in those games. If it closes +3.5 or higher, Herbert is 3-0-1 ATS at home in that spot and 4-0 1H SU/ATS. | [DEN] From strictly an on-field results standpoint, Bo Nix has been a very different QB home vs road. Home: 17-3 SU, 14-6 ATS | 18-1-1 in a 7-pt teaser Road: 10-10 SU, 8-12 ATS | 16-3-1 in 7-pt teaser (2-11 ATS in his last 13 road starts) | [DEN] In 23 games since the beginning of last season, the first half under is 15-8 for the Broncos. | [DEN] Offensive explosion coming? Sean Payton-coached teams are 28-12 SU and 25-15 ATS after scoring 14 pts or less in their previous game, including 7-1 ATS in this spot with the Broncos.",2026-10-06
2026_05_DET_ARI,5,"Action Network Betting Primer (Evan Abrams, @EvanHAbrams / @ActionNetworkHQ), Week 5: [DET] Jared Goff is 9-0 SU and 8-0-1 ATS against the Cardinals over the last decade (+$776), covering by 14.8 PPG. | [DET] The Lions are 12-3-1 ATS off a loss over the last four seasons (+$793), covering by 5.0 PPG. That is the best mark of any team in the NFL in that span. | [DET] Jared Goff and Dan Campbell have been in 15 road games playing in a venue that is not outdoors (dome/retractable), they are 11-4 ATS, but last season they went 0-2 ATS in this spot. | [DET] The duo of Jared Goff and Dan Campbell have been cover machines. But on a road trip (2+ straight road games), they are just 5-8 SU, 6-7 ATS, including 5-8 ATS both in the first half and second half. The duo have also dominated first-year head coaches, going 11-4 SU/ATS, including 12-3 1H ATS. | [DET] Since the start of last season, the Lions are 10-11 ATS in 21 total games. 7-2 SU, 5-3-1 ATS off a loss and 3-7 SU/ATS off a win. Lions are 21-14-1 SU and 24-11-1 ATS off a loss under Goff and Campbell -- when Detroit's defense allows 30+ off a loss, they are 13-3-1 ATS. | [DET] Once cover kings: Lions haven't covered the spread in consecutive games since Weeks 2-5 of last season. Since then, they are 4-11-1 ATS in their last 16 games overall. | [DET] Jared Goff has started 62 games for the Lions inside a dome or retractable dome. He is 39-21-2 ATS in those games, but he's actually 1-7-1 ATS in his last nine games indoors. | [DET] Cardinals are struggling on defense this year, allowing over 29 PPG. Goff and Campbell have faced 18 teams allowing 24+ PPG in game 5 or later, they are 14-4 SU and 13-5 ATS in those games. Since the start of 2024, Lions are 9-0 SU and 8-1 ATS in this spot. | [ARI] The Cardinals have allowed 30+ pts in their last 3 games this early in the season (game 5 or earlier). Defenses to ""accomplish"" that have faded in the second half at an alarming rate. Teams to allow 30+ pts in their last 3 games this early in the season (game 5 or earlier) are 7-29-1 SU and 8-28-1 against the 2nd half spread since 2005.",2026-10-06
2026_05_HOU_TEN,5,"Action Network Betting Primer (Evan Abrams, @EvanHAbrams / @ActionNetworkHQ), Week 5: [TEN] Robert Saleh is 2-16-1 against the first-half spread as an underdog over the last four seasons (-$1,560). That is the worst mark of 42 head coaches with at least 10 such games in that span. | [TEN] The Titans are 3-15 ATS against the AFC South over the last four seasons (-$1,237), failing to cover by 7.6 PPG. | [TEN] Robert Saleh is 11-2 to the Under in division games over the last five seasons (+$800), going under the total by 7.3 PPG. That is the best mark of 36 head coaches with at least 10 such games in that span. | [HOU] CJ Stroud is 0-6 ATS with Trevor Lawrence on deck in his career (since 2023) (-$600), failing to cover by 10.3 PPG. | [HOU] The Cowboys defense has been terrible for 3 seasons, since start of 2024. Since then, teams after they play Dallas are 22-14 SU and 21-15 ATS, including 23-13 1H ATS. Those matchups after Dallas are also 22-14 to the under. | [HOU] CJ Stroud is 3-12 ATS in the first four games of a season in his career as a starter after the loss to the Cowboys last week. He is 23-17 ATS in game 5 on, including 7-5 ATS in games 5-8. Let's see if Stroud and Texans can climb back. | [Both] The winless Texans are a decent sized favorite in Tennessee vs Titans this week. In Super Bowl era, only 11 teams at 0-4 SU or worse have closed as a 6+ point favorite and only three in the last 30 years -- last being the 2020 Texans. Of those 11 teams, they went 10-1 SU. The only loss came from the 1969 49ers. 2019 Commanders are the only road team to close -6 or higher as an 0-4 SU or worse team on the list of 11 teams. There have been 109 winless teams SU in their 5th game or later to play a road divisional game. 2 of those 109 closed as the favorite: 1999 CIN (-3) and 1998 WAS (-2.5). Both didn’t cover. | [HOU] Since 1990, the Texans are the 5th team to start 0-4 SU/ATS with a win total above 9 entering the season and the first to do it since the 2002 Rams. | [HOU] The only winless battle in Week 5: Texans at Titans. In the Super Bowl era, we've only seen two teams close as a 7+ pt favorite in a winless matchup of 0-4 SU or worse and it hasn't happened since Jets-Patriots back in 1992. | [TEN] Titans are coming off a cover last week vs Ravens. With Cam Ward at QB, Titans are 0-8 SU and 2-6 ATS after an ATS cover in their last game, averaging just 15.8 PPG in those matchups. | [HOU] DeMeco Ryans has coached three games with the Texans on the road in Tennessee -- Houston is 3-0 SU (2-1 ATS) with the Titans scoring 14.3 PPG.",2026-10-06
2026_05_IND_PIT,5,"Action Network Betting Primer (Evan Abrams, @EvanHAbrams / @ActionNetworkHQ), Week 5: [IND] Daniel Jones is 40-15-2 to the Under outdoors since 2020 (+$2,136). That is the best mark of 57 QBs with at least 10 such games in that span. | [PIT] Mike McCarthy is 33-13 to the first-half Over at home since 2020 (+$1,870). That is the 3rd-best mark of 52 head coaches with at least 10 such games in that span. | [IND] Daniel Jones is 6-0-1 to the Under at a rest disadvantage of 3+ days since 2020 (+$545), going under the total by 4.6 PPG. | [IND] Shane Steichen is 8-1 ATS in October over the last three seasons (+$638), covering by 7.9 PPG. | [PIT] Mike McCarthy and Aaron Rodgers as a QB-coach duo are 44-21-3 ATS at home since 2010 (+$2,108), covering by 4.1 PPG -- including 2-0 with the Steelers. When McCarthy and Rodgers face a team .500 SU or better at home, they are 31-10-1 SU and 28-11-3 ATS, coverng 7 in a row in the spot. | [IND] Daniel Jones has faced the Steelers three times as a starter in his career -- his teams are 0-3 SU/ATS, with his defense allowing 26+ pts in all three matchups. Jones has faced a Mike McCarthy-coached team seven times and he is 1-6 SU, losing 5 in a row. | [PIT] Dating back to his 2022 playoff game with Packers, Aaron Rodgers has started five games on extended prep time coming off a loss. His teams are 0-5 SU/ATS, losing all five games by just 10 pts or less. | [PIT] Colts are 1 of 11 dome/retractable roof teams in 2026. Those 11 teams have played a total of 12 games on the road in Pittsburgh since 2020. The under is 10-2 in those games, going under the total by 5 PPG. | [PIT] Aaron Rodgers hasn’t been great on extended rest recently, with his teams 3-8 ATS in his last 11 games dating back to 2022 playoffs.",2026-10-06
2026_05_LV_NE,5,"Action Network Betting Primer (Evan Abrams, @EvanHAbrams / @ActionNetworkHQ), Week 5: [NE] Mike Vrabel is 17-4 ATS in October since 2020 (+$1,186), covering by 8.1 PPG. That is the best mark of 35 head coaches with at least 10 such games in that span. | [LV] Kirk Cousins is 7-0 against the first-half spread as an underdog since the start of last season. | [NE] Mike Vrabel is 33-16 against the first-half spread at home since 2020 (+$1,540). That is the best mark of 52 head coaches with at least 10 such games in that span. | [LV] Kirk Cousins has covered 4 straight games. That is his longest such streak since 2016. He is 7-1 ATS in his last 8 stats overall. | [NE] First-year head coaches going on the road in New England are 3-16 SU and 5-13-1 ATS dating back to 2009. Of those 19 games, 11 were against Tom Brady, where opponents went 1-10 SU and 3-8 ATS. | [LV] Kirk Cousins has started 25 outdoor road games dating back to 2020. His teams are 16-8-1 ATS, with his teams averaging 23.6 PPG, with almost 13 PPG coming in the second half. | [NE] After last week, Mike Vrabel is now 10-8 SU as an underdog of 6 pts or more, only coach .500 SU or better (min 10 gms) in that spot. The impressive part is the results after the SU win as a dog for Mike's teams -- They are 18-12 SU, 17-13 ATS and 17-11-2 1H SU and 19-10-1 1H ATS. | [NE] Drake Maye is now 9-2 ATS vs. the AFC East after last week. In his ten career starts after an AFC East game, he is just 3-7 1H ATS. | [LV] Raiders are the lone 4-0 ATS team in the NFL and a rare one at that. Since 2000, Raiders are only the 4th team to enter season at 150-1 or longer Super Bowl odds and start 4-0 ATS for bettors -- 2026 Raiders, 2022 Falcons, 2017 Bills and 2001 Browns. | [NE] An early season changing of roles isn't great for the favorite. In the first five games of the regular seaosn, teams to close as a favorite after being a 6+ pt dog in their last game have covered only 43.2% of games in the Super Bowl era. | [NE] The loss we never stopped hearing about. The Raiders beat the Patriots in Week 1 last year and New England went on to the Super Bowl. While HC of the Patriots, Mike Vrabel has coached 14 games vs. teams he lost to in his last matchup -- NE is 10-4 SU and 11-3 ATS in those games.",2026-10-06
2026_05_MIN_NO,5,"Action Network Betting Primer (Evan Abrams, @EvanHAbrams / @ActionNetworkHQ), Week 5: [MIN] Kyler Murray is 25-9-1 to the Under on the road since 2020 (+$1,373), going under the total by 3.6 PPG. That is the 2nd-best mark of 53 QBs with at least 10 such games in that span. | [NO] The Saints are 1-9 against the first-half spread at home since the start of last season (-$880). | [NO] Kellen Moore is 5-16 against the first-half spread as a head coach in his career (since 2025) (-$1,250). That is the worst mark of 32 head coaches with at least 10 such games since 2025. | [MIN] Kyler Murray is 28-13-2 ATS on the road in his career (since 2019) (+$1,323), covering by 3.3 PPG. Minimum 25 starts, that is the 2nd-best road ATS win pct for any QB in Super Bowl era. The best belongs to Teddy Bridgewater at 25-7 ATS. | [NO] The Saints are 0-6 straight up on short rest (under a full week) over the last four seasons (-$600). | [NO] Saints coming off a home MNF game vs. Falcons. Teams on 7 days rest or less, coming off a home primetime game, are 59-78-4 ATS (43%) last 5 seasons, including 58-83 1H ATS (41%). | [NO] Tyler Shough has only faced two defenses allowing under 20 PPG on the season. Saints are 0-2 SU/ATS in those games, but the issue has actually been the defense, allowing 69 combined pts in the two matchups. | [MIN] The Vikings are averaging 156 pass yds per game this year, worst mark in the NFL, and are also undefeated at 4-0 SU. Last team to start 4-0 SU or better averaging 175 pass yds or fewer was the Eagles last year -- before that, you would have to go back to the 2016 Broncos. | [NO] Saints have lost 10 consecutive home games ATS in primetime after last week vs Falcons (8 straight outright losses)... Opponents have scored 27+ in 8 of those games -- the 2nd-longest home ATS losing streak at night since merger. Last decade, New Orleans is just 3-10 SU and 4-7-2 ATS their game after playing at home in primetime. | [NO] After the 1st quarter cover two weeks ago, New Orleans was back to their old ways last week. Saints are 1-20-4 SU, 4-21 ATS in 1st quarter last 25 games. | [MIN] Over the last two seasons, Kyler Murray is 5-3 ATS in the first half -- 2-1 this year and 3-2 last year. Prior to that, Kyler was 32-51 1H ATS.",2026-10-06
2026_05_NYG_WAS,5,"Action Network Betting Primer (Evan Abrams, @EvanHAbrams / @ActionNetworkHQ), Week 5: [NYG] The Giants are 13-4-1 ATS with a backup QB starting over the last five seasons (+$792), covering by 5.0 PPG. That is the best mark of any team in the NFL in that span. | [NYG] Jameis Winston is 4-0 against the first-half spread as a starter since the start of last season (+$400). | [WAS] Dan Quinn is 6-0 straight up against the Giants in his career (since 2015) (+$453). | [WAS] Home favorites coming off an International Series game have performed well. They are 35-12 SU (23-24 ATS), beating opponents by 6 PPG. This is entering Ravens game in Week 4. | [NYG] John Harbaugh has coached 33 total games with a backup QB dating back to 2013. His teams are 21-12 ATS, including 16-6 ATS when listed as an underdog. | [WAS] Since 2000, no franchise has disappointed home fans when their team is good quite like Washington. As home favorites, Washington is 39-58-3 ATS (40.2%) in that span, worst mark of any team in the NFL.",2026-10-06
2026_05_PHI_JAX,5,"Action Network Betting Primer (Evan Abrams, @EvanHAbrams / @ActionNetworkHQ), Week 5: [JAX] The Jaguars are 2-9 ATS with the Texans on deck since 2020 (-$719), failing to cover by 5.5 PPG & 0-4 ATS the week before facing DeMeco Ryans over the last three seasons (-$400), failing to cover by 16.6 PPG. | [JAX] The NFC hasn't been a friendly conference for Trevor Lawrence historically. He is 6-16 SU, 8-14 ATS vs NFC, including 5-17 SU/ATS in the first half when playing the opposing conference. | [JAX] Favorites have excelled in international games. They are 43-15-1 SU and 36-23 ATS, In 20 total International games where the favorite was coming off a win and their opponent a loss, the favorite is 18-1-1 SU and 13-7 ATS. | [PHI] The Eagles have failed to cover the spread in six consecutive games dating back to last season entering this trip to London. Philly is 0-4 ATS to start a season for the first time in franchise history. | [PHI] Where's the bounce back? Under Nick Sirianni, Eagles have led by 7+ and lost a game 11 times. Philly is 3-8 ATS in their next game after the blow lead. | [PHI] Eagles are 2-2 SU and 0-4 ATS this season. Since 1990, 17 teams have started .500 SU or better through 4 games, but 0-4 ATS. Six made the playoffs and 11 didn't.",2026-10-06
2026_05_TB_DAL,5,"Action Network Betting Primer (Evan Abrams, @EvanHAbrams / @ActionNetworkHQ), Week 5: [DAL] Dak Prescott is 33-8 to the first-half Over at home since 2020 (+$2,420). That is the best mark of 54 QBs with at least 10 such games in that span. | [DAL] Dak Prescott is 26-6 to the first-half Over against NFC opponents over the last four seasons (+$1,940). That is the best mark of 34 QBs with at least 10 such games in that span. | [DAL] Dak Prescott is 30-11 to the Over at home since 2020 (+$1,627), going over the total by 9.3 PPG. In his career at home, the over is 49-26 (65%) for Dak, the best mark (min 50 gms) of 76 QBs dating back to 1980. | [TB] The Buccaneers are 0-8 ATS the week after facing a team with a losing record since the start of last season (-$800), failing to cover by 5.8 PPG. | [TB] The Buccaneers are 3-14 ATS on Thursdays since 1980 (-$1,120), failing to cover by 5.6 PPG. That is the worst mark of any team in the NFL since 1980. | [TB] Todd Bowles is 5-13 ATS in primetime (6p ET or later) over the last five seasons (-$838), failing to cover by 3.1 PPG. That is the worst mark of 23 head coaches with at least 10 such games in that span. Bowles is 1-6 ATS in primetime (8p ET or later) over the last three seasons (-$509), failing to cover by 6.4 PPG. | [TB] In 24 career games on short rest, Todd Bowles is 9-15 SU and 9-13-2 ATS, including 4-11 SU and 4-10-1 ATS since 2018. | [TB] The Buccaneers have failed to cover the spread in 13 consecutive games, the longest such streak in the Super Bowl era by any team. Ironically enough, the Bucs also hold the longest straight up losing streak, dropping 26 straight games to start their franchise in 1976-77. | [TB] In the Super Bowl era, we had seen seven instances of a coach failing to cover the spread in ten straight games entering this year. They went 7-0 ATS in that 11th game. In Weeks 2-4, Todd Bowles made history by failing to cover all three. On to Week 5. | [DAL] Cowboys have now gone over the total in 10 consecutive games — the longest streak since .. Cowboys in 2010. Dallas is 17-4 to the over since start of last season. | [TB] Bucs will start Jalon Daniels again this week with Baker Mayfield still injured. This season through four games, backup QBs, facing a non-backup, are 7-4 SU/ATS, the best start for backups straight up in the last 15 years. In Week 5, that is the Bucs, Bears ... possibly the Giants if Jayden Daniels plays or the Ravens. | [TB] Jalon Daniels makes his 2nd career start on the road in primetime. Since the merger, QBs in their first two starts, who are on the road in primetime win just 35.8% of games -- which shows nobody -- but they are actually 43-23-2 ATS, including 68% ATS since 2000. | [DAL] Dak Prescott has faced a team starting a backup QB on the other sideline 20 times as a starter -- the Cowboys are 15-5 SU and 14-6 ATS in those games. When Dak and Dallas score at least 20 pts in those 20 games, they are 14-0 SU and 13-1 ATS.",2026-10-06
2026_05_TB_DAL,5,"TNF Oct 8 (TUESDAY NOTE): TB starts rookie UDFA Jalon Daniels again (Mayfield thumb out 3-6 wks; Daniels was 19/27, 148 yds, 1 TD, 2 INT vs GB). TB defense hit too: S Antoine Winfield Jr. (rib fracture, 2-4 wks), CB Morrison, LB Dennis all DNP. DAL: CB Durant, LB Overshown, T Shelton DNP; Lamb/Porter Jr. full. Line moved DAL -3.5 (lookahead) -> -10, ML about DAL -500/TB +380. Model DAL -10.0, essentially the market (0.5 pt edge) -- no angle.",2026-10-06
2026_05_PHI_JAX,5,"WEEK 5 PRE-REPORT (injury reports not posted before Wed/Thu): LONDON 9:30 ET (TUESDAY NOTE): PHI RB Saquon Barkley (hamstring, week-to-week) almost certainly out; RB Tank Bigsby on IR (core surgery); WR DeVonta Smith (hamstring) 'at very best questionable'. PHI also lost Goedert/Brown/Baun/Epps/F. Johnson in Wk4. JAX line is wobbling by source (-4.5 to -7). Injury reports not posted yet.",2026-10-06
2026_05_CIN_MIA,5,"WEEK 5 PRE-REPORT (injury reports not posted before Wed/Thu): TUESDAY NOTE: CIN WR Ja'Marr Chase in concussion protocol (uncertain), Tee Higgins adductor (day-to-day, likely plays). MIA: RB Achane out for season (ACL); Malik Willis at QB. Market CIN -7.5 vs model CIN -10.7 -- if Chase sits expect the market (and ours, once the report posts) to move toward MIA.",2026-10-06
2026_05_MIN_NO,5,WEEK 5 PRE-REPORT (injury reports not posted before Wed/Thu): TUESDAY NOTE: MIN WR Justin Jefferson reportedly 'hopeful' to return; MIN G Donovan Jackson out for season (torn meniscus) and TE Josh Oliver on IR. NO coming off a 45-24 MNF loss to ATL (lost RB Etienne to IR).,2026-10-06
2026_05_NYG_WAS,5,"WEEK 5 PRE-REPORT (injury reports not posted before Wed/Thu): TUESDAY NOTE: WAS plans for QB Jayden Daniels (elbow) to start (Glazer / Quinn: goal is a full practice week) -- NOT yet confirmed. Mariota re-aggravated his MCL (tests pending), so rookie Athan Kaliakmanis is the backup if Daniels can't go. I REMOVED the Mariota QB override; the model now uses the depth chart (Daniels QB1). Re-verify Wed/Thu practice participation before betting. WAS WR/KR Jaylin Lane out (ankle fracture).",2026-10-06
2026_05_CHI_GB,5,"WEEK 5 PRE-REPORT (injury reports not posted before Wed/Thu): TUESDAY NOTE: CHI starts Tyson Bagent again (Caleb Williams, Grade 2 hamstring, est. 3-4 weeks). Market has CHI -3 despite Bagent; model CHI -5.0 (override re-confirmed). GB lost WR Jayden Reed (neck, season) and interior OL (Banks/Monk) in Wk4.",2026-10-06
2026_05_BAL_ATL,5,"WEEK 5 PRE-REPORT (injury reports not posted before Wed/Thu): TUESDAY NOTE: BAL QB Lamar Jackson left Week 4 in a walking boot (left ankle) -- HC says not 'crazy long-term' but Week 5 status is UNCERTAIN; backup is Tyler Huntley. If Lamar sits, expect a sizable move toward ATL (ATL just won 45-24 at NO). The model currently assumes Lamar plays (depth chart QB1) -- treat BAL -2.7 as a Lamar-plays number.",2026-10-06
2026_05_DEN_LAC,5,"WEEK 5 PRE-REPORT (injury reports not posted before Wed/Thu): TUESDAY NOTE: LAC lost OT Rashawn Slater (high ankle sprain, several weeks) to an already-thin line. Lookahead had DEN -2.5/LAC flip noted by 4for4; current consensus DEN -3.5. Model DEN -3.9 (market-sized).",2026-10-06
2026_05_SF_SEA,5,"WEEK 5 PRE-REPORT (injury reports not posted before Wed/Thu): TUESDAY NOTE: SF FB Kyle Juszczyk (hyperextended knee, may miss a couple weeks); SF still lacks Bosa/M. Williams on defense. SNF; line varies by book (SEA -2.5 to -3).",2026-10-06
2026_05_LV_NE,5,"WEEK 5 PRE-REPORT (injury reports not posted before Wed/Thu): TUESDAY NOTE: LV is 3-1 after a 30-27 loss to KC; line fell from NE -8.5 (lookahead) to NE -3.5. NE has A.J. Brown on IR, Gonzalez/Barmore dinged.",2026-10-06
2026_05_BUF_LA,5,"WEEK 5 PRE-REPORT (injury reports not posted before Wed/Thu): MNF Oct 12: early line LA -2.5, total 53.5 (highest on the board). Both teams played Week 4 -- reports not posted yet.",2026-10-06
2026_05_CLE_NYJ,5,"WEEK 5 PRE-REPORT (injury reports not posted before Wed/Thu): TUESDAY NOTE: NYJ lost Breece Hall (quad, week-to-week); CLE beat PIT 27-24 on TNF in Week 4 and now has extra rest (played Thursday).",2026-10-06
2026_05_IND_PIT,5,"WEEK 5 PRE-REPORT (injury reports not posted before Wed/Thu): TUESDAY NOTE: PIT lost DT Derrick Harmon (foot, at least 4 weeks IR) and RB Dowdle (toe) in Wk4; IND won 30-13 in London (WAS). Model IND-lean was 0.8 pts; market PIT -2.5.",2026-10-06
2026_05_HOU_TEN,5,WEEK 5 PRE-REPORT (injury reports not posted before Wed/Thu): TUESDAY NOTE (DIVISION): total fell 43.5 -> 39.5 since lookahead. Model HOU -7.9 vs market -7: no edge.,2026-10-06
2026_05_DET_ARI,5,"WEEK 5 PRE-REPORT (injury reports not posted before Wed/Thu): TUESDAY NOTE: total 53.5-54.5, one of the highest on the board; DET lost 32-26 at CAR on SNF. No injury report posted yet.",2026-10-06
2026_05_TB_DAL,5,"TNF GAMEDAY (2026-10-08, posted after kickoff): final reports/inactives are in. TB: QB Baker Mayfield (thumb) OUT -- rookie UDFA Jalon Daniels starts again (19/27, 148 yds, 1 TD, 2 INT in Wk4); S Antoine Winfield Jr. (rib), LB SirVocea Dennis, CB Benjamin Morrison OUT; edge Rueben Bain Jr. and TE Ko Kieft are ACTIVE (returning). DAL: CB Joey Porter Jr. a LATE SCRATCH (illness, was full practice -- ruled out hours before kickoff), CB Cobie Durant, LB Overshown and T Drew Shelton OUT, so Dallas' secondary is thin; Lamb and Prescott play. Market: DAL -9.5 to -10 (some books -8.5), total 47.5-49.5, ML about DAL -535/TB +400; opened DAL -9.5 and was bet down toward -8.5/-9 at some books on TB money. Model re-run on the posted Week 5 reports: DAL -9.9, total 49.9, DAL 86% -- essentially the market (0.4 pt edge, no spread angle); the earlier -10.0 (imputed injuries) and the real-report -9.9 agree, so the pre-report imputation is confirmed harmless here. Trend context only (Action Network): TB 3-14 ATS on Thursdays since 1980, Bowles 1-6 ATS in 8p+ primetime, TB failed to cover 13 straight; Dak's home Over 49-26. Kickoff 8:15 ET, early 1Q DAL 7-0.",2026-10-08
2026_05_TB_DAL,5,"GRADED: TB won 24-16 outright as a +10 dog (DAL 86% model/~84% market). Model DAL -9.9 / total 49.9 missed on winner, spread (TB covered by 17.5) and total (40 vs 49.5). Daniels (rookie UDFA) was fine; DAL lost its secondary (Porter scratch + Durant/Overshown out) and the 0-4 TB trend fell apart. 3-14 ATS-on-Thursdays angle for TB did NOT hold; the model had no real edge and sided with the favorite.",2026-10-09
2026_05_PHI_JAX,5,"FRIDAY FINAL REPORT (2026-10-09): PHI OUT: RB Barkley, WR Brown, WR DeVonta Smith, C Kendall, S Epps; OLB Greenard questionable. JAX: CB Jaylon Jones out, S Murray doubtful. JAX line steamed -3.5 -> -7.5. Model JAX -9.4 (small +1.9 lean to JAX). London 9:30 ET.",2026-10-09
2026_05_CIN_MIA,5,"FRIDAY FINAL REPORT (2026-10-09): CIN WR Ja'Marr Chase QUESTIONABLE (concussion protocol, full practice Friday, optimistic), WR Tee Higgins questionable (groin/neck), WR Colbie Young questionable; S Dugger out. MIA out: WR Douglas, TE Joly, EDGE Beal, CB Taylor; RB Wright, DL Grant, CB Duck questionable. Market CIN -7; model CIN -10.7 (biggest edge, 3.7 pts, on the CIN side) -- treat with caution since the model leans on injury_burden/form and Chase's status is unresolved.",2026-10-09
2026_05_LV_NE,5,"FRIDAY FINAL REPORT (2026-10-09): NE secondary wrecked: CB Gonzalez, CB Carlton Davis, CB Canada, CB Prunty all OUT, plus WR Hollins; DT Barmore, RB Stevenson, OT Moses questionable. LV: WR Nailor/Thornton and G Zuhn out; RB Jeanty questionable. Model NE -2.8 vs market NE -3.5 -- no edge, but the NE CB depth is a real concern for a team already 'laying' 3.5.",2026-10-09
2026_05_MIN_NO,5,"FRIDAY FINAL REPORT (2026-10-09): MIN OUT: LT Christian Darrisaw (concussion) and CB Demmings; WR Justin Jefferson and WR Addison QUESTIONABLE, OT O'Neill and C Jurgens questionable (OL in shambles). NO: G Wright, LB Elliss, LB Jennings out; RB Kamara (back) questionable. Line moved toward NO (opened MIN -2.5). Model MIN -2.1 ~ market.",2026-10-09
2026_05_CLE_NYJ,5,"FRIDAY FINAL REPORT (2026-10-09): CLE QB: Dillon Gabriel OUT (not activated); Deshaun Watson starts (HC Monken). CLE also out: WR Wallace, TE Ryan, G Jenkins, DT Graham/Hall/Davis -- the DT room is gutted. NYJ out: RB Hall, WR Mitchell, OL Parham, LB Mauigoa; WR Tim Patrick questionable. Model NYJ -0.4 vs market NYJ -2.5 (CLE +2.1 lean).",2026-10-09
2026_05_IND_PIT,5,"FRIDAY FINAL REPORT (2026-10-09): IND out: WR Dulin, TE Mallory, DE Key, LB Carlies; WR Keenan Allen and CB Ward questionable. PIT out: WR Michael Pittman (foot), CB Jamel Dean, S DeShon Elliott; RB Dowdle and CB Ramsey questionable. Model PIT -2.2 vs -3 -- small PIT-skewed gap (IND +0.8).",2026-10-09
2026_05_HOU_TEN,5,"FRIDAY FINAL REPORT (2026-10-09): HOU: WR Tank Dell out; several OL questionable (Ersery, Fisher, B. Smith, Ingram -- illness/foot) -- watch the line if more than one sits. TEN: S Hooker out; WR Carnell Tate, TE Martin-Robinson, CB Williams questionable. Line HOU -3.5 -> -7. Model HOU -7.5 = market; total 35.9 vs 37.5 (the lowest total on the board).",2026-10-09
2026_05_NYG_WAS,5,"FRIDAY FINAL REPORT (2026-10-09): WAS QB Jayden Daniels STARTS (left elbow, will wear a brace, no limitations per OC Blough); QB Marcus Mariota OUT (knee), WR Stefon Diggs OUT, WR McLaurin questionable, DE Omenihu out and 3 safeties out (Butler, Owens, Cross) -- thin secondary. NYG out: DL Golston, S Pinnock; no QB change (Winston). Line WAS -3.5. Model WAS -2.4.",2026-10-09
2026_05_CHI_GB,5,"FRIDAY FINAL REPORT (2026-10-09): CHI QB: Caleb Williams listed QUESTIONABLE after a limited Friday practice (first practice in ~3 weeks), but HC Ben Johnson has said Tyson Bagent 'will be the guy' -- model uses Bagent (override). If Williams starts instead, CHI gets a meaningful bump. CHI also out: RB Monangai, LB Elliott. GB out: RB Brooks, WR S. Williams; G Banks and OL Monk DOUBTFUL, OL Burton/DT Hargrave questionable. Market is a pick'em-ish CHI -1.5 (ML CHI -122); model CHI -3.2 (33% GB), total 47.5 vs 45.5 (+2.0 over lean).",2026-10-09
2026_05_DEN_LAC,5,"FRIDAY FINAL REPORT (2026-10-09): LAC is decimated: OL Joe Alt (neck), Penning (concussion), Awosika all OUT; WR Quentin Johnston, S Derwin James, CB Donte Jackson out; QB Trey Lance doubtful (only the backup); WR McConkey questionable. DEN out: CB Patrick Surtain II (ankle) AND CB Riley Moss (ribs) -- both starting corners. Model DEN -4.4 vs -3.5. Total: model 45.5 vs market 41.5 (+4.0, largest total gap of the week).",2026-10-09
2026_05_DET_ARI,5,"FRIDAY FINAL REPORT (2026-10-09): DET out: G Bartch, C Cade Mays, CB Rock Ya-Sin, S Brian Branch (Achilles) -- notable secondary/OL losses; DL Tyleik Williams questionable. ARI out: OL Isaiah Adams, S Wingard; DL Nolen/LB Sharar questionable. Model DET -6.8 vs -5.5.",2026-10-09
2026_05_SF_SEA,5,"FRIDAY FINAL REPORT (2026-10-09): SF OUT: DE Nick Bosa, FB Juszczyk, S Sigle, DT Thompson; DE Mykel Williams and CB Stout questionable. SEA out: RB Charbonnet, CB Julian Neal, LB Surratt; WR Charles, RB Holani questionable. Model SEA -4.8 vs market SEA -3.0 (SEA +1.8). SF ML (+136) is a ~30% model shot.",2026-10-09
2026_05_BAL_ATL,5,"FRIDAY FINAL REPORT (2026-10-09): BAL QB LAMAR JACKSON OUT (left ankle sprain, DNP all week) -- Tyler Huntley starts (override added; 75 dropbacks in 2025). BAL also out: C Cam Jurgens (concussion), OLB Hendrickson; WR Flowers, G Vorhees, CB Humphrey questionable. ATL: LB Yasir Abdullah out; LT Jake Matthews, DE Ebukam, DE Za'Darius Smith, LB Deablo questionable. Line flipped from BAL -3.5 (lookahead) to ATL -3.5/-2.5. Model ATL -1.3 (BAL +2.2 lean, i.e. we think the move overshot) and total 47.0 vs 43.5 (+3.5 over lean). SNF 8:20 ET.",2026-10-09
2026_05_BUF_LA,5,FRIDAY FINAL REPORT (2026-10-09): No designations posted yet for either team in the feeds I could reach (MNF Oct 12). Line LA -3; total 54.5 (highest on the board). Model LA -1.8 (BUF +1.2 lean).,2026-10-09
