game_id,season,week,game_type,gameday,home_team,away_team,div_game,vegas_spread_display,model_spread_display,spread_line,pred_margin,spread_edge,spread_hit,home_moneyline,away_moneyline,fair_home_ml_prob,pred_home_win_prob,ml_edge,ml_hit,total_line,home_score,away_score,actual_margin,actual_winner,is_outdoor,temp,wind,home_rest_days,away_rest_days
2025_01_DAL_PHI,2025,1,REG,2025-09-04,PHI,DAL,1,PHI -8.5,PHI -10.1,8.5,10.11031949520111,1.6103194952011108,False,-425.0,330.0,0.7768331562167907,0.8587854120085541,0.08195225579176335,1.0,47.5,24.0,20.0,4.0,home,1,75.0,11.0,7,7
2025_01_KC_LAC,2025,1,REG,2025-09-05,LAC,KC,1,KC -3.0,KC -3.7,-3.0,-3.670414686203003,-0.6704146862030029,False,145.0,-175.0,0.39076376554174075,0.31184249554829496,-0.07892126999344579,0.0,47.5,27.0,21.0,6.0,home,0,70.0,0.0,7,7
2025_01_TB_ATL,2025,1,REG,2025-09-07,ATL,TB,1,TB -1.5,TB -0.1,-1.5,-0.06061398983001709,1.439386010169983,False,-105.0,-115.0,0.4891657638136511,0.47220105668809437,-0.016964707125556755,1.0,47.5,20.0,23.0,-3.0,away,0,70.0,0.0,7,7
2025_01_BAL_BUF,2025,1,REG,2025-09-07,BUF,BAL,0,BAL -1.5,BUF -5.7,-1.5,5.7107415199279785,7.2107415199279785,True,110.0,-130.0,0.4572564612326044,0.7263552844597377,0.26909882322713335,1.0,50.5,41.0,40.0,1.0,home,1,58.0,8.0,7,7
2025_01_CIN_CLE,2025,1,REG,2025-09-07,CLE,CIN,1,CIN -5.5,CIN -8.1,-5.5,-8.095244646072388,-2.5952446460723877,False,195.0,-238.0,0.3249687530045188,0.16447418477992987,-0.1604945682245889,1.0,47.5,16.0,17.0,-1.0,away,1,63.0,10.0,7,7
2025_01_TEN_DEN,2025,1,REG,2025-09-07,DEN,TEN,0,DEN -8.5,DEN -7.8,8.5,7.824219465255737,-0.6757805347442627,True,-455.0,350.0,0.7867435158501441,0.7980997174457225,0.011356201595578375,1.0,42.5,20.0,12.0,8.0,home,1,84.0,6.0,7,7
2025_01_DET_GB,2025,1,REG,2025-09-07,GB,DET,1,GB -1.5,GB -0.5,1.5,0.4867076873779297,-1.0132923126220703,False,-120.0,100.0,0.5217391304347826,0.4979558656421855,-0.02378326479259707,0.0,48.5,27.0,13.0,14.0,home,1,60.0,5.0,7,7
2025_01_MIA_IND,2025,1,REG,2025-09-07,IND,MIA,0,IND -1.5,IND -1.0,1.5,0.988743245601654,-0.511256754398346,False,-112.0,-108.0,0.5043297540699688,0.521592549943376,0.017262795873407177,1.0,47.5,33.0,8.0,25.0,home,0,70.0,0.0,7,7
2025_01_CAR_JAX,2025,1,REG,2025-09-07,JAX,CAR,0,JAX -4.5,CAR -0.2,4.5,-0.22134685516357422,-4.721346855163574,False,-205.0,170.0,0.644729178800233,0.4646595069961983,-0.18006967180403466,0.0,45.5,26.0,10.0,16.0,home,1,85.0,3.0,7,7
2025_01_HOU_LA,2025,1,REG,2025-09-07,LA,HOU,0,LA -3.5,LA -4.9,3.5,4.938086032867432,1.4380860328674316,True,-166.0,140.0,0.5996387718242023,0.6964847726400663,0.09684600081586392,1.0,43.5,14.0,9.0,5.0,home,0,70.0,0.0,7,7
2025_01_LV_NE,2025,1,REG,2025-09-07,NE,LV,0,NE -2.5,LV -0.6,2.5,-0.6050524711608887,-3.1050524711608887,True,-155.0,130.0,0.5829926410466066,0.4467276516721464,-0.13626498937446024,1.0,44.5,13.0,20.0,-7.0,away,1,62.0,4.0,7,7
2025_01_ARI_NO,2025,1,REG,2025-09-07,NO,ARI,0,ARI -6.0,ARI -6.7,-6.0,-6.734684705734253,-0.7346847057342529,True,220.0,-270.0,0.299837925445705,0.20279245955864658,-0.0970454658870584,1.0,44.5,13.0,20.0,-7.0,away,0,70.0,0.0,7,7
2025_01_PIT_NYJ,2025,1,REG,2025-09-07,NYJ,PIT,0,PIT -3.0,PIT -0.6,-3.0,-0.5806057453155518,2.4193942546844482,True,130.0,-155.0,0.4170073589533933,0.44786650406774997,0.030859145114356668,0.0,37.5,32.0,34.0,-2.0,away,1,67.0,3.0,7,7
2025_01_SF_SEA,2025,1,REG,2025-09-07,SEA,SF,1,SF -2.5,SF -1.0,-2.5,-0.9699695110321045,1.5300304889678955,False,114.0,-135.0,0.448558885283451,0.42980078296166513,-0.018758102321785874,1.0,43.5,13.0,17.0,-4.0,away,1,67.0,6.0,7,7
2025_01_NYG_WAS,2025,1,REG,2025-09-07,WAS,NYG,1,WAS -6.0,WAS -4.8,6.0,4.7943408489227295,-1.2056591510772705,False,-298.0,240.0,0.7179705215419501,0.6907285795220116,-0.02724194201993846,0.0,45.5,21.0,6.0,15.0,home,1,68.0,5.0,7,7
2025_01_MIN_CHI,2025,1,REG,2025-09-08,CHI,MIN,1,MIN -1.5,MIN -2.7,-1.5,-2.7087268829345703,-1.2087268829345703,True,-108.0,-112.0,0.4956702459300312,0.3519896518483459,-0.14368059408168526,1.0,43.5,24.0,27.0,-3.0,away,1,68.0,6.0,7,7
2025_02_WAS_GB,2025,2,REG,2025-09-11,GB,WAS,0,GB -3.5,GB -2.9,3.5,2.8961909413337708,-0.6038090586662292,False,-185.0,154.0,0.6224665518611737,0.6096525166089821,-0.012814035252191602,0.0,48.5,27.0,18.0,9.0,home,1,65.0,7.0,4,4
2025_02_CAR_ARI,2025,2,REG,2025-09-14,ARI,CAR,0,ARI -7.0,ARI -5.3,7.0,5.295664310455322,-1.7043356895446777,True,-310.0,250.0,0.725752508361204,0.7105371007893014,-0.01521540757190254,0.0,45.5,27.0,22.0,5.0,home,0,70.0,0.0,7,7
2025_02_CLE_BAL,2025,2,REG,2025-09-14,BAL,CLE,1,BAL -12.5,BAL -8.2,12.5,8.231177806854248,-4.268822193145752,False,-900.0,600.0,0.863013698630137,0.8101744934953574,-0.05283920513477958,0.0,46.5,41.0,17.0,24.0,home,1,82.0,3.0,7,7
2025_02_JAX_CIN,2025,2,REG,2025-09-14,CIN,JAX,0,CIN -3.5,CIN -5.3,3.5,5.3116291761398315,1.8116291761398315,True,-192.0,160.0,0.6309403437815976,0.7111554427859219,0.08021509900432433,1.0,49.5,31.0,27.0,4.0,home,1,85.0,3.0,7,7
2025_02_NYG_DAL,2025,2,REG,2025-09-14,DAL,NYG,1,DAL -4.5,DAL -3.5,4.5,3.507402181625366,-0.9925978183746338,True,-238.0,195.0,0.6750312469954812,0.6366896174314658,-0.038341629564015434,0.0,44.5,40.0,37.0,3.0,home,0,70.0,0.0,10,7
2025_02_CHI_DET,2025,2,REG,2025-09-14,DET,CHI,1,DET -6.0,DET -7.0,6.0,6.997532963752747,0.9975329637527466,True,-270.0,220.0,0.7001620745542949,0.7718318458524147,0.0716697712981198,1.0,46.5,52.0,21.0,31.0,home,0,70.0,0.0,7,6
2025_02_DEN_IND,2025,2,REG,2025-09-14,IND,DEN,0,DEN -2.5,DEN -0.0,-2.5,-0.003178834915161133,2.496821165084839,True,110.0,-130.0,0.4572564612326044,0.4748991615424728,0.01764270030986842,1.0,43.5,29.0,28.0,1.0,home,0,70.0,0.0,7,7
2025_02_PHI_KC,2025,2,REG,2025-09-14,KC,PHI,0,PHI -1.5,PHI -2.7,-1.5,-2.658987283706665,-1.158987283706665,True,102.0,-122.0,0.4739134147382802,0.3541304362947646,-0.1197829784435156,1.0,46.5,17.0,20.0,-3.0,away,1,88.0,12.0,9,10
2025_02_NE_MIA,2025,2,REG,2025-09-14,MIA,NE,1,MIA -1.5,MIA -2.2,1.5,2.176326632499695,0.6763266324996948,False,-125.0,105.0,0.5324675324675325,0.5769352890243139,0.04446775655678137,0.0,43.5,27.0,33.0,-6.0,away,1,89.0,4.0,7,7
2025_02_ATL_MIN,2025,2,REG,2025-09-14,MIN,ATL,0,MIN -3.5,MIN -2.9,3.5,2.922694742679596,-0.577305257320404,True,-180.0,150.0,0.6164383561643836,0.6108403687026717,-0.005597987461711917,1.0,44.5,6.0,22.0,-16.0,away,0,70.0,0.0,6,7
2025_02_SF_NO,2025,2,REG,2025-09-14,NO,SF,0,SF -3.0,SF -5.5,-3.0,-5.487638711929321,-2.4876387119293213,True,140.0,-166.0,0.4003612281757977,0.24343358360909875,-0.15692764456669897,1.0,40.5,21.0,26.0,-5.0,away,0,70.0,0.0,7,7
2025_02_BUF_NYJ,2025,2,REG,2025-09-14,NYJ,BUF,1,BUF -6.0,BUF -6.4,-6.0,-6.43115559220314,-0.43115559220314026,True,235.0,-290.0,0.28644876973925815,0.21219636431564276,-0.07425240542361539,1.0,47.5,10.0,30.0,-20.0,away,1,80.0,3.0,7,7
2025_02_SEA_PIT,2025,2,REG,2025-09-14,PIT,SEA,0,PIT -3.5,PIT -1.5,3.5,1.5298949480056763,-1.9701050519943237,True,-192.0,160.0,0.6309403437815976,0.5469600109528334,-0.08398033282876416,1.0,40.5,17.0,31.0,-14.0,away,1,79.0,5.0,7,7
2025_02_LA_TEN,2025,2,REG,2025-09-14,TEN,LA,0,LA -5.5,LA -6.5,-5.5,-6.481137633323669,-0.9811376333236694,True,205.0,-250.0,0.31460674157303364,0.2106261815629128,-0.10398056001012085,1.0,41.5,19.0,33.0,-14.0,away,1,83.0,3.0,7,7
2025_02_TB_HOU,2025,2,REG,2025-09-15,HOU,TB,0,HOU -2.5,HOU -2.0,2.5,1.9891211986541748,-0.5108788013458252,True,-135.0,114.0,0.551441114716549,0.5683025905100237,0.016861475793474745,0.0,42.5,19.0,20.0,-1.0,away,0,70.0,0.0,8,8
2025_02_LAC_LV,2025,2,REG,2025-09-15,LV,LAC,1,LAC -3.5,LAC -5.8,-3.5,-5.839507818222046,-2.339507818222046,True,164.0,-198.0,0.3630958183058778,0.2314307004448451,-0.1316651178610327,1.0,46.5,9.0,20.0,-11.0,away,0,70.0,0.0,8,10
2025_03_MIA_BUF,2025,3,REG,2025-09-18,BUF,MIA,1,BUF -12.5,BUF -13.5,12.5,13.489489793777466,0.9894897937774658,False,-800.0,550.0,0.8524590163934427,0.9199736296802348,0.06751461328679209,1.0,50.5,31.0,21.0,10.0,home,1,68.0,7.0,4,4
2025_03_ATL_CAR,2025,3,REG,2025-09-21,CAR,ATL,1,ATL -5.5,ATL -7.8,-5.5,-7.817957639694214,-2.317957639694214,False,185.0,-225.0,0.33635187580853815,0.171780980759696,-0.16457089504884215,0.0,44.5,30.0,0.0,30.0,home,1,83.0,5.0,7,7
2025_03_DAL_CHI,2025,3,REG,2025-09-21,CHI,DAL,0,DAL -1.5,DAL -2.8,-1.5,-2.7854297161102295,-1.2854297161102295,False,105.0,-125.0,0.4675324675324675,0.3487000242350723,-0.11883244329739523,0.0,49.5,31.0,14.0,17.0,home,1,82.0,4.0,7,7
2025_03_GB_CLE,2025,3,REG,2025-09-21,CLE,GB,0,GB -8.5,GB -10.0,-8.5,-9.988783836364746,-1.488783836364746,False,360.0,-470.0,0.20863836017569545,0.12109359468318293,-0.08754476549251253,0.0,41.5,13.0,10.0,3.0,home,1,79.0,10.0,7,10
2025_03_HOU_JAX,2025,3,REG,2025-09-21,JAX,HOU,1,JAX -1.5,JAX -2.6,1.5,2.5790549516677856,1.0790549516677856,True,-125.0,105.0,0.5324675324675325,0.5953417297080614,0.0628741972405289,1.0,43.5,17.0,10.0,7.0,home,1,85.0,11.0,7,6
2025_03_DEN_LAC,2025,3,REG,2025-09-21,LAC,DEN,1,LAC -2.5,DEN -3.3,2.5,-3.3456430435180664,-5.845643043518066,False,-155.0,130.0,0.5829926410466066,0.3251241790847471,-0.25786846196185953,0.0,45.5,23.0,20.0,3.0,home,0,70.0,0.0,6,7
2025_03_CIN_MIN,2025,3,REG,2025-09-21,MIN,CIN,0,MIN -3.0,MIN -2.9,3.0,2.8564193546772003,-0.14358064532279968,False,-162.0,136.0,0.593369754159424,0.607867588253382,0.014497834093958106,1.0,41.5,48.0,10.0,38.0,home,0,70.0,0.0,7,7
2025_03_PIT_NE,2025,3,REG,2025-09-21,NE,PIT,0,PIT -1.5,PIT -2.3,-1.5,-2.292058229446411,-0.7920582294464111,True,100.0,-120.0,0.4782608695652174,0.3700994083329182,-0.1081614612322992,1.0,44.5,14.0,21.0,-7.0,away,1,66.0,5.0,7,7
2025_03_KC_NYG,2025,3,REG,2025-09-21,NYG,KC,0,KC -6.0,KC -9.1,-6.0,-9.068894147872925,-3.068894147872925,True,260.0,-325.0,0.26645768025078376,0.1407860951153284,-0.12567158513545534,1.0,44.5,9.0,22.0,-13.0,away,1,65.0,5.0,7,7
2025_03_LA_PHI,2025,3,REG,2025-09-21,PHI,LA,0,PHI -3.5,PHI -2.7,3.5,2.6801493167877197,-0.8198506832122803,False,-198.0,164.0,0.6369041816941223,0.5999225118734558,-0.03698166982066653,0.0,45.5,33.0,26.0,7.0,home,1,73.0,9.0,7,7
2025_03_NO_SEA,2025,3,REG,2025-09-21,SEA,NO,0,SEA -7.5,SEA -6.0,7.5,6.010898947715759,-1.4891010522842407,False,-375.0,295.0,0.7571884984025559,0.7374522763274518,-0.01973622207510406,0.0,41.5,44.0,13.0,31.0,home,1,63.0,3.0,7,7
2025_03_ARI_SF,2025,3,REG,2025-09-21,SF,ARI,1,SF -1.5,SF -2.8,1.5,2.7855600118637085,1.2855600118637085,False,-125.0,105.0,0.5324675324675325,0.6046803285102725,0.07221279604274,1.0,44.5,16.0,15.0,1.0,home,1,72.0,7.0,7,7
2025_03_NYJ_TB,2025,3,REG,2025-09-21,TB,NYJ,0,TB -6.5,TB -8.9,6.5,8.86367654800415,2.3636765480041504,False,-345.0,275.0,0.7440690150970525,0.8278304493093058,0.08376143421225335,1.0,43.5,29.0,27.0,2.0,home,1,88.0,5.0,6,7
2025_03_IND_TEN,2025,3,REG,2025-09-21,TEN,IND,1,IND -6.0,IND -9.2,-6.0,-9.247607469558716,-3.247607469558716,True,200.0,-245.0,0.3194444444444444,0.13676157116853346,-0.18268287327591096,1.0,43.5,20.0,41.0,-21.0,away,1,84.0,8.0,7,7
2025_03_LV_WAS,2025,3,REG,2025-09-21,WAS,LV,0,WAS -2.5,WAS -3.3,2.5,3.300599992275238,0.800599992275238,True,-155.0,130.0,0.5829926410466066,0.6276284517756183,0.04463581072901168,1.0,43.5,41.0,24.0,17.0,home,1,72.0,6.0,10,6
2025_03_DET_BAL,2025,3,REG,2025-09-22,BAL,DET,0,BAL -4.5,BAL -7.1,4.5,7.071554183959961,2.571554183959961,False,-245.0,200.0,0.6805555555555556,0.7742788940940599,0.09372333853850434,0.0,53.5,30.0,38.0,-8.0,away,1,74.0,7.0,8,8
2025_04_SEA_ARI,2025,4,REG,2025-09-25,ARI,SEA,1,SEA -1.5,SEA -1.3,-1.5,-1.3244984149932861,0.17550158500671387,False,105.0,-125.0,0.4675324675324675,0.4135111268165043,-0.054021340715963206,1.0,43.5,20.0,23.0,-3.0,away,0,70.0,0.0,4,4
2025_04_WAS_ATL,2025,4,REG,2025-09-28,ATL,WAS,0,ATL -2.5,ATL -1.5,2.5,1.5012258887290955,-0.9987741112709045,False,-142.0,120.0,0.5634920634920635,0.545621031836528,-0.017871031655535496,0.0,43.5,34.0,27.0,7.0,home,0,70.0,0.0,7,7
2025_04_NO_BUF,2025,4,REG,2025-09-28,BUF,NO,0,BUF -15.5,BUF -15.4,15.5,15.435512259602547,-0.06448774039745331,True,-1350.0,800.0,0.8933823529411765,0.9431433696741792,0.049761016733002705,1.0,48.5,31.0,19.0,12.0,home,1,73.0,7.0,10,7
2025_04_GB_DAL,2025,4,REG,2025-09-28,DAL,GB,0,GB -7.0,GB -9.8,-7.0,-9.765648126602173,-2.765648126602173,False,275.0,-345.0,0.2559309849029475,0.12564035131024223,-0.1302906335927053,1.0,47.5,40.0,40.0,0.0,away,0,70.0,0.0,7,7
2025_04_CLE_DET,2025,4,REG,2025-09-28,DET,CLE,0,DET -10.0,DET -13.0,10.0,13.021795272827148,3.0217952728271484,True,-550.0,410.0,0.8118668596237336,0.9132404951107321,0.10137363548699851,1.0,44.5,34.0,10.0,24.0,home,0,70.0,0.0,6,7
2025_04_TEN_HOU,2025,4,REG,2025-09-28,HOU,TEN,1,HOU -7.5,HOU -9.5,7.5,9.469693660736084,1.969693660736084,True,-440.0,340.0,0.7819063004846527,0.8435024958961671,0.0615961954115144,1.0,39.5,26.0,0.0,26.0,home,0,70.0,0.0,7,7
2025_04_BAL_KC,2025,4,REG,2025-09-28,KC,BAL,0,BAL -2.5,BAL -2.9,-2.5,-2.857184559106827,-0.3571845591068268,False,124.0,-148.0,0.42794036443953615,0.34563559761790347,-0.08230476682163268,0.0,48.5,37.0,20.0,17.0,home,1,89.0,10.0,7,6
2025_04_IND_LA,2025,4,REG,2025-09-28,LA,IND,0,LA -3.5,LA -3.3,3.5,3.2909480333328247,-0.2090519666671753,False,-185.0,154.0,0.6224665518611737,0.6272032898200498,0.0047367379588760805,1.0,49.5,27.0,20.0,7.0,home,0,70.0,0.0,7,7
2025_04_CHI_LV,2025,4,REG,2025-09-28,LV,CHI,0,LV -1.5,LV -0.9,1.5,0.8793336153030396,-0.6206663846969604,True,-125.0,105.0,0.5324675324675325,0.5164459315952072,-0.016021600872325292,1.0,47.5,24.0,25.0,-1.0,away,0,70.0,0.0,7,7
2025_04_CAR_NE,2025,4,REG,2025-09-28,NE,CAR,0,NE -5.5,NE -5.4,5.5,5.420525826513767,-0.07947417348623276,False,-265.0,215.0,0.6957699520733487,0.7153521581191923,0.019582206045843598,1.0,42.5,42.0,13.0,29.0,home,1,76.0,7.0,7,7
2025_04_LAC_NYG,2025,4,REG,2025-09-28,NYG,LAC,0,LAC -6.0,LAC -5.4,-6.0,-5.353833556175232,0.6461664438247681,True,230.0,-285.0,0.2904564315352697,0.24810721977121838,-0.04234921176405129,0.0,43.5,21.0,18.0,3.0,home,1,81.0,4.0,7,7
2025_04_MIN_PIT,2025,4,REG,2025-09-28,PIT,MIN,0,MIN -2.5,MIN -0.6,-2.5,-0.575869083404541,1.924130916595459,True,124.0,-148.0,0.42794036443953615,0.44808722542560214,0.020146860986065995,1.0,41.5,24.0,21.0,3.0,home,1,61.0,5.0,7,7
2025_04_JAX_SF,2025,4,REG,2025-09-28,SF,JAX,0,SF -3.5,SF -3.0,3.5,3.036078155040741,-0.46392184495925903,True,-180.0,150.0,0.6164383561643836,0.6159070130251595,-0.0005313431392240942,1.0,45.5,21.0,26.0,-5.0,away,1,72.0,7.0,7,7
2025_04_PHI_TB,2025,4,REG,2025-09-28,TB,PHI,0,PHI -3.5,PHI -3.5,-3.5,-3.5285290628671646,-0.028529062867164612,True,154.0,-185.0,0.3775334481388264,0.317608632144379,-0.05992481599444738,1.0,44.5,25.0,31.0,-6.0,away,1,88.0,6.0,7,7
2025_04_CIN_DEN,2025,4,REG,2025-09-29,DEN,CIN,0,DEN -7.5,DEN -8.3,7.5,8.340762615203857,0.8407626152038574,True,-470.0,360.0,0.7913616398243045,0.8133298940964693,0.021968254272164756,1.0,44.5,28.0,3.0,25.0,home,1,66.0,12.0,8,8
2025_04_NYJ_MIA,2025,4,REG,2025-09-29,MIA,NYJ,1,MIA -2.5,MIA -0.6,2.5,0.5873032808303833,-1.9126967191696167,False,-148.0,124.0,0.5720596355604638,0.5026947340062784,-0.0693649015541854,0.0,44.5,27.0,21.0,6.0,home,1,88.0,17.0,11,8
2025_05_SF_LA,2025,5,REG,2025-10-02,LA,SF,1,LA -8.5,LA -7.6,8.5,7.583928346633911,-0.9160716533660889,True,-440.0,340.0,0.7819063004846527,0.7907050679853377,0.008798767500684979,0.0,43.5,23.0,26.0,-3.0,away,0,70.0,0.0,4,4
2025_05_TEN_ARI,2025,5,REG,2025-10-05,ARI,TEN,0,ARI -7.5,ARI -6.8,7.5,6.82786637544632,-0.6721336245536804,True,-425.0,330.0,0.7768331562167907,0.7661526522013584,-0.010680504015432302,1.0,41.5,21.0,22.0,-1.0,away,0,70.0,0.0,10,7
2025_05_HOU_BAL,2025,5,REG,2025-10-05,BAL,HOU,0,HOU -2.5,HOU -2.2,-2.5,-2.2406249940395355,0.2593750059604645,False,124.0,-148.0,0.42794036443953615,0.37236163995394955,-0.055578724485586595,1.0,41.5,10.0,44.0,-34.0,away,1,78.0,2.0,7,7
2025_05_NE_BUF,2025,5,REG,2025-10-05,BUF,NE,1,BUF -7.5,BUF -7.4,7.5,7.3889133632183075,-0.1110866367816925,True,-395.0,310.0,0.7659021045164341,0.7845587458869147,0.01865664137048051,0.0,49.5,20.0,23.0,-3.0,away,1,66.0,3.0,7,7
2025_05_MIA_CAR,2025,5,REG,2025-10-05,CAR,MIA,0,MIA -1.5,MIA -2.1,-1.5,-2.143745183944702,-0.6437451839447021,False,100.0,-120.0,0.4782608695652174,0.37663793680579144,-0.10162293275942597,0.0,44.5,27.0,24.0,3.0,home,1,77.0,8.0,7,6
2025_05_DET_CIN,2025,5,REG,2025-10-05,CIN,DET,0,DET -10.5,DET -10.9,-10.5,-10.919945657253265,-0.4199456572532654,True,425.0,-575.0,0.18274111675126903,0.10362528766906781,-0.07911582908220122,1.0,49.5,24.0,37.0,-13.0,away,1,84.0,7.0,6,7
2025_05_MIN_CLE,2025,5,REG,2025-10-05,CLE,MIN,0,MIN -3.5,CLE -0.8,-3.5,0.7545018196105957,4.254501819610596,False,164.0,-198.0,0.3630958183058778,0.5105696548412433,0.1474738365353655,0.0,35.5,17.0,21.0,-4.0,away,1,61.0,14.0,7,7
2025_05_LV_IND,2025,5,REG,2025-10-05,IND,LV,0,IND -7.0,IND -7.6,7.0,7.646516978740692,0.6465169787406921,True,-360.0,285.0,0.7508125677139762,0.7926501429757172,0.041837575261741033,1.0,46.5,40.0,6.0,34.0,home,0,70.0,0.0,7,7
2025_05_WAS_LAC,2025,5,REG,2025-10-05,LAC,WAS,0,LAC -2.5,LAC -1.3,2.5,1.3314589262008667,-1.1685410737991333,True,-155.0,130.0,0.5829926410466066,0.5376792344213577,-0.045313406625248964,1.0,47.5,10.0,27.0,-17.0,away,0,70.0,0.0,7,7
2025_05_NYG_NO,2025,5,REG,2025-10-05,NO,NYG,0,NO -1.5,NO -0.2,1.5,0.17170190811157227,-1.3282980918884277,False,-120.0,100.0,0.5217391304347826,0.48312282382219646,-0.03861630661258614,0.0,41.5,26.0,14.0,12.0,home,0,70.0,0.0,7,7
2025_05_DAL_NYJ,2025,5,REG,2025-10-05,NYJ,DAL,0,NYJ -1.5,DAL -6.3,1.5,-6.322417259216309,-7.822417259216309,True,-115.0,-105.0,0.5108342361863488,0.21564185497373647,-0.2951923812126124,1.0,48.5,22.0,37.0,-15.0,away,1,82.0,3.0,6,7
2025_05_DEN_PHI,2025,5,REG,2025-10-05,PHI,DEN,0,PHI -3.5,PHI -10.3,3.5,10.2946138381958,6.794613838195801,False,-218.0,180.0,0.6574752261956054,0.8629446570722134,0.20546943087660796,0.0,44.5,17.0,21.0,-4.0,away,1,80.0,6.0,7,6
2025_05_TB_SEA,2025,5,REG,2025-10-05,SEA,TB,0,SEA -3.5,SEA -4.8,3.5,4.781890153884888,1.2818901538848877,False,-180.0,150.0,0.6164383561643836,0.690227168236339,0.07378881207195542,0.0,44.5,35.0,38.0,-3.0,away,1,61.0,8.0,10,7
2025_05_KC_JAX,2025,5,REG,2025-10-06,JAX,KC,0,KC -3.5,KC -3.1,-3.5,-3.1389516294002533,0.3610483705997467,True,164.0,-198.0,0.3630958183058778,0.33372752766429004,-0.029368290641587746,0.0,45.5,31.0,28.0,3.0,home,1,80.0,12.0,8,8
2025_06_PHI_NYG,2025,6,REG,2025-10-09,NYG,PHI,1,PHI -7.0,PHI -9.1,-7.0,-9.055002927780151,-2.0550029277801514,False,310.0,-395.0,0.23409789548356585,0.14110302913924522,-0.09299486634432064,0.0,40.5,34.0,17.0,17.0,home,1,53.0,3.0,4,4
2025_06_LA_BAL,2025,6,REG,2025-10-12,BAL,LA,0,LA -7.0,LA -9.8,-7.0,-9.816004037857056,-2.8160040378570557,True,280.0,-355.0,0.2522172949002217,0.12460166213861071,-0.127615632761611,1.0,43.5,3.0,17.0,-14.0,away,1,64.0,15.0,7,10
2025_06_DAL_CAR,2025,6,REG,2025-10-12,CAR,DAL,0,DAL -3.0,DAL -6.0,-3.0,-5.970154285430908,-2.970154285430908,False,145.0,-175.0,0.39076376554174075,0.22708082297174662,-0.16368294256999413,0.0,47.5,30.0,27.0,3.0,home,1,68.0,15.0,7,7
2025_06_CIN_GB,2025,6,REG,2025-10-12,GB,CIN,0,GB -14.0,GB -11.9,14.0,11.887991189956665,-2.112008810043335,True,-1000.0,650.0,0.8720930232558138,0.8947505874699263,0.02265756421411247,1.0,44.5,27.0,18.0,9.0,home,1,64.0,14.0,14,7
2025_06_ARI_IND,2025,6,REG,2025-10-12,IND,ARI,0,IND -8.5,IND -10.9,8.5,10.876662969589233,2.3766629695892334,False,-470.0,360.0,0.7913616398243045,0.8754077705260896,0.08404613070178513,1.0,46.5,31.0,27.0,4.0,home,0,70.0,0.0,7,7
2025_06_SEA_JAX,2025,6,REG,2025-10-12,JAX,SEA,0,SEA -1.5,SEA -1.8,-1.5,-1.8097532093524933,-0.3097532093524933,True,-105.0,-115.0,0.4891657638136511,0.39152469351625774,-0.09764107029739338,1.0,47.5,12.0,20.0,-8.0,away,1,76.0,8.0,6,7
2025_06_DET_KC,2025,6,REG,2025-10-12,KC,DET,0,KC -2.5,KC -2.4,2.5,2.4082280844449997,-0.0917719155550003,False,-142.0,120.0,0.5634920634920635,0.5875637406717817,0.024071677179718254,1.0,51.5,30.0,17.0,13.0,home,1,85.0,13.0,6,7
2025_06_TEN_LV,2025,6,REG,2025-10-12,LV,TEN,0,LV -3.5,LV -0.9,3.5,0.9279294013977051,-2.572070598602295,False,-185.0,154.0,0.6224665518611737,0.5187323683629476,-0.10373418349822616,0.0,41.5,20.0,10.0,10.0,home,0,70.0,0.0,7,7
2025_06_LAC_MIA,2025,6,REG,2025-10-12,MIA,LAC,0,LAC -3.5,LAC -5.8,-3.5,-5.80825138092041,-2.30825138092041,False,170.0,-205.0,0.35527082119976705,0.23247997429548806,-0.122790846904279,1.0,45.5,27.0,29.0,-2.0,away,1,85.0,4.0,7,7
2025_06_NE_NO,2025,6,REG,2025-10-12,NO,NE,0,NE -3.5,NE -4.0,-3.5,-3.9820768535137177,-0.48207685351371765,True,160.0,-192.0,0.3690596562184025,0.29938099746508456,-0.06967865875331791,1.0,46.5,19.0,25.0,-6.0,away,0,70.0,0.0,7,7
2025_06_DEN_NYJ,2025,6,REG,2025-10-12,NYJ,DEN,0,DEN -7.5,DEN -10.4,-7.5,-10.44788146018982,-2.9478814601898193,False,310.0,-395.0,0.23409789548356585,0.11218399060589067,-0.12191390487767519,1.0,43.5,11.0,13.0,-2.0,away,1,59.0,6.0,7,7
2025_06_CLE_PIT,2025,6,REG,2025-10-12,PIT,CLE,1,PIT -5.5,PIT -5.2,5.5,5.242963790893555,-0.2570362091064453,False,-278.0,225.0,0.705033164260632,0.7084903778617602,0.003457213601128162,1.0,37.5,23.0,9.0,14.0,home,1,64.0,8.0,14,7
2025_06_SF_TB,2025,6,REG,2025-10-12,TB,SF,0,TB -3.5,TB -1.8,3.5,1.8085682392120361,-1.6914317607879639,False,-192.0,160.0,0.6309403437815976,0.5599371038679214,-0.07100323991367619,0.0,46.5,30.0,19.0,11.0,home,1,82.0,10.0,7,10
2025_06_BUF_ATL,2025,6,REG,2025-10-13,ATL,BUF,0,BUF -3.5,BUF -5.1,-3.5,-5.102340936660767,-1.6023409366607666,False,170.0,-205.0,0.35527082119976705,0.2570528892727462,-0.09821793192702083,0.0,49.5,24.0,14.0,10.0,home,0,70.0,0.0,15,8
2025_06_CHI_WAS,2025,6,REG,2025-10-13,WAS,CHI,0,WAS -5.5,WAS -6.3,5.5,6.269430100917816,0.7694301009178162,False,-258.0,210.0,0.690792883054068,0.7467748174908325,0.05598193443676447,0.0,49.5,24.0,25.0,-1.0,away,1,59.0,12.0,8,15
2025_07_PIT_CIN,2025,7,REG,2025-10-16,CIN,PIT,1,PIT -5.5,PIT -8.1,-5.5,-8.09574294090271,-2.59574294090271,False,200.0,-245.0,0.3194444444444444,0.1644612818176197,-0.1549831626268247,0.0,45.5,33.0,31.0,2.0,home,1,60.0,5.0,4,4
2025_07_GB_ARI,2025,7,REG,2025-10-19,ARI,GB,0,GB -7.0,GB -8.1,-7.0,-8.104179620742798,-1.1041796207427979,False,310.0,-395.0,0.23409789548356585,0.1642429438617751,-0.06985495162179076,1.0,44.5,23.0,27.0,-4.0,away,0,70.0,0.0,7,7
2025_07_NO_CHI,2025,7,REG,2025-10-19,CHI,NO,0,CHI -4.5,CHI -4.4,4.5,4.393969565629959,-0.1060304343700409,False,-225.0,185.0,0.6636481241914618,0.6743847100754625,0.010736585884000727,1.0,43.5,26.0,14.0,12.0,home,1,49.0,8.0,6,7
2025_07_MIA_CLE,2025,7,REG,2025-10-19,CLE,MIA,0,CLE -2.5,CLE -0.1,2.5,0.12790322303771973,-2.3720967769622803,False,-148.0,124.0,0.5720596355604638,0.4810621837388575,-0.09099745182160629,0.0,34.5,31.0,6.0,25.0,home,1,65.0,17.0,7,7
2025_07_WAS_DAL,2025,7,REG,2025-10-19,DAL,WAS,1,DAL -1.5,DAL -1.3,1.5,1.311334252357483,-0.1886657476425171,False,-125.0,105.0,0.5324675324675325,0.5367364418151007,0.004268909347568184,1.0,54.5,44.0,22.0,22.0,home,0,70.0,0.0,7,6
2025_07_NYG_DEN,2025,7,REG,2025-10-19,DEN,NYG,0,DEN -7.5,DEN -7.9,7.5,7.921209901571274,0.4212099015712738,False,-425.0,330.0,0.7768331562167907,0.801028656977867,0.02419550076107624,1.0,39.5,33.0,32.0,1.0,home,1,72.0,3.0,7,10
2025_07_LA_JAX,2025,7,REG,2025-10-19,JAX,LA,0,LA -3.0,LA -3.6,-3.0,-3.6013845205307007,-0.6013845205307007,True,140.0,-166.0,0.4003612281757977,0.314640698883769,-0.08572052929202872,1.0,44.5,7.0,35.0,-28.0,away,1,59.0,9.0,7,7
2025_07_LV_KC,2025,7,REG,2025-10-19,KC,LV,1,KC -13.5,KC -13.9,13.5,13.92039567232132,0.4203956723213196,True,-950.0,625.0,0.8677165354330709,0.9257513502897202,0.0580348148566493,1.0,44.5,31.0,0.0,31.0,home,1,57.0,9.0,7,7
2025_07_IND_LAC,2025,7,REG,2025-10-19,LAC,IND,0,LAC -2.5,LAC -0.5,2.5,0.5215020179748535,-1.9784979820251465,True,-135.0,114.0,0.551441114716549,0.4995949624873741,-0.05184615222917488,1.0,48.5,24.0,38.0,-14.0,away,0,70.0,0.0,7,7
2025_07_PHI_MIN,2025,7,REG,2025-10-19,MIN,PHI,0,PHI -2.5,MIN -1.0,-2.5,0.9906258583068848,3.4906258583068848,False,124.0,-148.0,0.42794036443953615,0.5216810708966226,0.09374070645708649,0.0,43.5,22.0,28.0,-6.0,away,0,70.0,0.0,14,10
2025_07_CAR_NYJ,2025,7,REG,2025-10-19,NYJ,CAR,0,NYJ -1.5,CAR -1.7,1.5,-1.6946892738342285,-3.1946892738342285,True,-112.0,-108.0,0.5043297540699688,0.39670202588121195,-0.10762772818875688,1.0,39.5,6.0,13.0,-7.0,away,1,71.0,13.0,7,7
2025_07_ATL_SF,2025,7,REG,2025-10-19,SF,ATL,0,SF -1.5,SF -1.3,1.5,1.2552513480186462,-0.24474865198135376,False,-115.0,-105.0,0.5108342361863488,0.534107727281993,0.02327349109564414,1.0,46.5,20.0,10.0,10.0,home,1,74.0,5.0,7,6
2025_07_NE_TEN,2025,7,REG,2025-10-19,TEN,NE,0,NE -6.5,NE -9.6,-6.5,-9.570831060409546,-3.070831060409546,True,235.0,-290.0,0.28644876973925815,0.1297288675392005,-0.15671990220005766,1.0,40.5,13.0,31.0,-18.0,away,1,60.0,18.0,7,7
2025_07_TB_DET,2025,7,REG,2025-10-20,DET,TB,0,DET -6.0,DET -9.5,6.0,9.52845311164856,3.5284531116485596,True,-278.0,225.0,0.705033164260632,0.8449585501857553,0.13992538592512327,1.0,54.5,24.0,9.0,15.0,home,0,70.0,0.0,8,8
2025_07_HOU_SEA,2025,7,REG,2025-10-20,SEA,HOU,0,SEA -3.0,SEA -3.3,3.0,3.336196780204773,0.33619678020477295,True,-166.0,140.0,0.5996387718242023,0.6291947547672607,0.02955598294305839,1.0,41.5,27.0,19.0,8.0,home,1,56.0,5.0,8,15
2025_08_MIN_LAC,2025,8,REG,2025-10-23,LAC,MIN,0,LAC -3.0,LAC -1.5,3.0,1.5150271654129028,-1.4849728345870972,False,-170.0,142.0,0.6037569709421778,0.5462656995681066,-0.057491271374071284,0.0,45.5,37.0,10.0,27.0,home,0,70.0,0.0,4,4
2025_08_MIA_ATL,2025,8,REG,2025-10-26,ATL,MIA,0,ATL -7.0,ATL -6.7,7.0,6.702492535114288,-0.29750746488571167,True,-355.0,280.0,0.7477827050997783,0.7618934050550391,0.01411069995526082,0.0,44.5,10.0,34.0,-24.0,away,0,70.0,0.0,7,7
2025_08_CHI_BAL,2025,8,REG,2025-10-26,BAL,CHI,0,BAL -2.5,CHI -0.4,2.5,-0.4136383533477783,-2.9136383533477783,False,-148.0,124.0,0.5720596355604638,0.4556587115197833,-0.11640092404068048,0.0,45.5,30.0,16.0,14.0,home,1,60.0,2.0,14,7
2025_08_BUF_CAR,2025,8,REG,2025-10-26,CAR,BUF,0,BUF -7.0,BUF -9.8,-7.0,-9.83073377609253,-2.8307337760925293,True,310.0,-395.0,0.23409789548356585,0.12429922777135685,-0.109798667712209,1.0,47.5,9.0,40.0,-31.0,away,1,63.0,9.0,7,13
2025_08_NYJ_CIN,2025,8,REG,2025-10-26,CIN,NYJ,0,CIN -5.5,CIN -3.1,5.5,3.1272666454315186,-2.3727333545684814,True,-258.0,210.0,0.690792883054068,0.6199637412037513,-0.07082914185031675,1.0,43.5,38.0,39.0,-1.0,away,1,57.0,8.0,10,7
2025_08_DAL_DEN,2025,8,REG,2025-10-26,DEN,DAL,0,DEN -3.5,DEN -1.4,3.5,1.3538610935211182,-2.146138906478882,False,-192.0,160.0,0.6309403437815976,0.5387284049889258,-0.09221193879267175,0.0,51.5,44.0,24.0,20.0,home,1,67.0,4.0,7,7
2025_08_SF_HOU,2025,8,REG,2025-10-26,HOU,SF,0,HOU -2.5,HOU -1.6,2.5,1.6390702724456787,-0.8609297275543213,False,-155.0,130.0,0.5829926410466066,0.5520526284510548,-0.03094001259555179,0.0,41.5,26.0,15.0,11.0,home,0,70.0,0.0,6,7
2025_08_TEN_IND,2025,8,REG,2025-10-26,IND,TEN,1,IND -15.5,IND -14.4,15.5,14.380736827850342,-1.1192631721496582,False,-1650.0,950.0,0.9082568807339451,0.931497928550632,0.0232410478166869,1.0,47.5,38.0,14.0,24.0,home,0,70.0,0.0,7,7
2025_08_CLE_NE,2025,8,REG,2025-10-26,NE,CLE,0,NE -7.0,NE -9.6,7.0,9.63088870048523,2.6308887004852295,True,-380.0,300.0,0.7600000000000001,0.8474704229986826,0.08747042299868246,1.0,40.5,32.0,13.0,19.0,home,1,53.0,7.0,7,7
2025_08_TB_NO,2025,8,REG,2025-10-26,NO,TB,1,TB -4.5,TB -6.3,-4.5,-6.323314785957336,-1.8233147859573364,True,180.0,-218.0,0.34252477380439467,0.21561325055715763,-0.12691152324723703,1.0,46.5,3.0,23.0,-20.0,away,0,70.0,0.0,7,6
2025_08_NYG_PHI,2025,8,REG,2025-10-26,PHI,NYG,1,PHI -7.0,PHI -7.5,7.0,7.5460914969444275,0.5460914969444275,True,-380.0,300.0,0.7600000000000001,0.7895227166368043,0.02952271663680417,1.0,43.5,38.0,20.0,18.0,home,1,60.0,4.0,7,7
2025_08_GB_PIT,2025,8,REG,2025-10-26,PIT,GB,0,GB -3.0,GB -1.9,-3.0,-1.8524186611175537,1.1475813388824463,False,130.0,-155.0,0.4170073589533933,0.3896110692977272,-0.027396289655666095,1.0,46.5,25.0,35.0,-10.0,away,1,46.0,5.0,10,7
2025_08_WAS_KC,2025,8,REG,2025-10-27,KC,WAS,0,KC -10.5,KC -10.0,10.5,10.042571425437927,-0.45742857456207275,False,-700.0,500.0,0.84,0.8572301337853944,0.017230133785394397,1.0,48.5,28.0,7.0,21.0,home,1,54.0,8.0,8,8
2025_09_BAL_MIA,2025,9,REG,2025-10-30,MIA,BAL,0,BAL -7.5,BAL -12.7,-7.5,-12.716078758239746,-5.216078758239746,True,350.0,-455.0,0.2132564841498559,0.07613699127395264,-0.13711949287590325,1.0,51.5,6.0,28.0,-22.0,away,1,73.0,5.0,4,4
2025_09_KC_BUF,2025,9,REG,2025-11-02,BUF,KC,0,KC -2.5,BUF -2.2,-2.5,2.1745662689208984,4.674566268920898,True,114.0,-135.0,0.448558885283451,0.5768543223178796,0.12829543703442858,1.0,53.5,28.0,21.0,7.0,home,1,54.0,6.0,7,6
2025_09_CHI_CIN,2025,9,REG,2025-11-02,CIN,CHI,0,CHI -3.0,CHI -4.9,-3.0,-4.8964684009552,-1.8964684009552002,True,136.0,-162.0,0.4066302458405761,0.2645310614322141,-0.142099184408362,1.0,51.5,42.0,47.0,-5.0,away,1,50.0,6.0,7,7
2025_09_MIN_DET,2025,9,REG,2025-11-02,DET,MIN,1,DET -9.5,DET -9.2,9.5,9.233500331640244,-0.26649966835975647,True,-550.0,410.0,0.8118668596237336,0.8375371092554317,0.02567024963169806,0.0,47.5,24.0,27.0,-3.0,away,0,70.0,0.0,13,10
2025_09_CAR_GB,2025,9,REG,2025-11-02,GB,CAR,0,GB -12.5,GB -13.0,12.5,13.044765949249268,0.5447659492492676,False,-1000.0,650.0,0.8720930232558138,0.913582835643134,0.04148981238732019,0.0,43.5,13.0,16.0,-3.0,away,1,47.0,15.0,7,7
2025_09_DEN_HOU,2025,9,REG,2025-11-02,HOU,DEN,0,HOU -1.5,HOU -2.7,1.5,2.7283575534820557,1.2283575534820557,False,-125.0,105.0,0.5324675324675325,0.6021008365903443,0.06963330412281177,0.0,40.5,15.0,18.0,-3.0,away,0,70.0,0.0,7,7
2025_09_NO_LA,2025,9,REG,2025-11-02,LA,NO,0,LA -14.0,LA -13.7,14.0,13.699146091938019,-0.3008539080619812,False,-1200.0,750.0,0.8869565217391304,0.9228343370681286,0.03587781532899814,1.0,44.5,34.0,10.0,24.0,home,0,70.0,0.0,14,7
2025_09_JAX_LV,2025,9,REG,2025-11-02,LV,JAX,0,JAX -2.5,JAX -2.3,-2.5,-2.3196683675050735,0.18033163249492645,True,110.0,-130.0,0.4572564612326044,0.36888734947576407,-0.08836911175684031,1.0,43.5,29.0,30.0,-1.0,away,0,70.0,0.0,14,14
2025_09_ATL_NE,2025,9,REG,2025-11-02,NE,ATL,0,NE -5.5,NE -6.4,5.5,6.374946355819702,0.8749463558197021,False,-250.0,205.0,0.6853932584269663,0.750516225834877,0.06512296740791068,1.0,45.5,24.0,23.0,1.0,home,1,52.0,7.0,7,7
2025_09_SF_NYG,2025,9,REG,2025-11-02,NYG,SF,0,SF -2.5,SF -5.0,-2.5,-4.989269256591797,-2.489269256591797,True,124.0,-148.0,0.42794036443953615,0.2611429592337578,-0.16679740520577835,1.0,47.5,24.0,34.0,-10.0,away,1,56.0,5.0,7,7
2025_09_IND_PIT,2025,9,REG,2025-11-02,PIT,IND,0,IND -3.5,IND -2.6,-3.5,-2.6107965111732483,0.8892034888267517,True,154.0,-185.0,0.3775334481388264,0.3562101508896569,-0.02132329724916948,0.0,51.5,27.0,20.0,7.0,home,1,56.0,2.0,7,7
2025_09_LAC_TEN,2025,9,REG,2025-11-02,TEN,LAC,0,LAC -10.0,LAC -9.6,-10.0,-9.630533277988434,0.36946672201156616,True,470.0,-650.0,0.16835016835016833,0.12846404115977555,-0.03988612719039278,1.0,44.5,20.0,27.0,-7.0,away,1,46.0,5.0,7,10
2025_09_SEA_WAS,2025,9,REG,2025-11-02,WAS,SEA,0,SEA -2.5,SEA -1.5,-2.5,-1.512911081314087,0.9870889186859131,False,124.0,-148.0,0.42794036443953615,0.4049281252663133,-0.02301223917322287,1.0,47.5,14.0,38.0,-24.0,away,1,53.0,3.0,6,13
2025_09_ARI_DAL,2025,9,REG,2025-11-03,DAL,ARI,0,DAL -3.5,DAL -3.0,3.5,3.005141317844391,-0.49485868215560913,True,-175.0,145.0,0.6092362344582594,0.6145270137194984,0.005290779261238998,0.0,53.5,17.0,27.0,-10.0,away,0,70.0,0.0,8,15
2025_10_LV_DEN,2025,10,REG,2025-11-06,DEN,LV,1,DEN -9.5,DEN -7.7,9.5,7.74760103225708,-1.75239896774292,True,-500.0,380.0,0.7999999999999999,0.7957632913643234,-0.004236708635676489,0.0,42.5,10.0,7.0,3.0,home,1,60.0,10.0,4,4
2025_10_NO_CAR,2025,10,REG,2025-11-09,CAR,NO,1,CAR -5.5,CAR -6.6,5.5,6.624669075012207,1.124669075012207,False,-245.0,200.0,0.6805555555555556,0.7592228679289037,0.07866731237334812,0.0,38.5,7.0,17.0,-10.0,away,1,73.0,15.0,7,7
2025_10_NYG_CHI,2025,10,REG,2025-11-09,CHI,NYG,0,CHI -4.5,CHI -6.1,4.5,6.1241583824157715,1.6241583824157715,False,-218.0,180.0,0.6574752261956054,0.7415634324535471,0.08408820625794167,1.0,45.5,24.0,20.0,4.0,home,1,33.0,10.0,7,7
2025_10_JAX_HOU,2025,10,REG,2025-11-09,HOU,JAX,1,JAX -1.5,JAX -1.3,-1.5,-1.2578407526016235,0.24215924739837646,True,-105.0,-115.0,0.4891657638136511,0.41656058376680205,-0.07260518004684907,0.0,37.5,36.0,29.0,7.0,home,0,70.0,0.0,7,7
2025_10_ATL_IND,2025,10,REG,2025-11-09,IND,ATL,0,IND -6.5,IND -6.8,6.5,6.791700959205627,0.29170095920562744,False,-310.0,250.0,0.725752508361204,0.7649294814603848,0.03917697309918078,1.0,48.5,31.0,25.0,6.0,home,0,70.0,0.0,7,7
2025_10_PIT_LAC,2025,10,REG,2025-11-09,LAC,PIT,0,LAC -3.0,LAC -2.1,3.0,2.083265006542206,-0.9167349934577942,False,-162.0,136.0,0.593369754159424,0.5726494206520233,-0.020720333507400657,0.0,45.5,25.0,10.0,15.0,home,0,70.0,0.0,7,7
2025_10_BUF_MIA,2025,10,REG,2025-11-09,MIA,BUF,1,BUF -8.5,BUF -10.3,-8.5,-10.301602482795715,-1.8016024827957153,False,350.0,-455.0,0.2132564841498559,0.11495880907501854,-0.09829767507483736,0.0,50.5,30.0,13.0,17.0,home,1,84.0,6.0,10,7
2025_10_BAL_MIN,2025,10,REG,2025-11-09,MIN,BAL,0,BAL -4.5,BAL -4.7,-4.5,-4.7190002501010895,-0.21900025010108948,True,190.0,-230.0,0.33099297893681046,0.2710881804586368,-0.05990479847817365,1.0,48.5,19.0,27.0,-8.0,away,0,70.0,0.0,7,10
2025_10_CLE_NYJ,2025,10,REG,2025-11-09,NYJ,CLE,0,CLE -1.5,CLE -1.5,-1.5,-1.5118981879204512,-0.011898187920451164,False,110.0,-130.0,0.4572564612326044,0.4049741168219202,-0.05228234441068419,0.0,37.5,27.0,20.0,7.0,home,1,62.0,12.0,14,14
2025_10_ARI_SEA,2025,10,REG,2025-11-09,SEA,ARI,1,SEA -7.0,SEA -7.7,7.0,7.667557120323181,0.6675571203231812,True,-340.0,270.0,0.740871613663133,0.793301004925124,0.052429391261990976,1.0,44.5,44.0,22.0,22.0,home,1,59.0,5.0,7,6
2025_10_LA_SF,2025,10,REG,2025-11-09,SF,LA,1,LA -5.5,LA -5.3,-5.5,-5.319493591785431,0.1805064082145691,False,210.0,-258.0,0.30920711694593195,0.24931631695640163,-0.05989079998953031,1.0,49.5,26.0,42.0,-16.0,away,1,77.0,3.0,7,7
2025_10_NE_TB,2025,10,REG,2025-11-09,TB,NE,0,TB -2.5,TB -0.1,2.5,0.10263967514038086,-2.397360324859619,True,-148.0,124.0,0.5720596355604638,0.4798738730003403,-0.09218576256012351,1.0,48.5,23.0,28.0,-5.0,away,1,82.0,11.0,14,7
2025_10_DET_WAS,2025,10,REG,2025-11-09,WAS,DET,0,DET -8.5,DET -13.1,-8.5,-13.079162120819092,-4.579162120819092,True,350.0,-455.0,0.2132564841498559,0.07146191193545469,-0.14179457221440123,1.0,49.5,22.0,44.0,-22.0,away,1,64.0,9.0,7,7
2025_10_PHI_GB,2025,10,REG,2025-11-10,GB,PHI,0,GB -1.5,GB -3.3,1.5,3.26407790184021,1.76407790184021,False,-110.0,-110.0,0.5,0.6260186449483228,0.12601864494832282,0.0,45.5,7.0,10.0,-3.0,away,1,33.0,9.0,8,15
2025_11_NYJ_NE,2025,11,REG,2025-11-13,NE,NYJ,1,NE -12.5,NE -13.7,12.5,13.724164962768555,1.2241649627685547,True,-950.0,625.0,0.8677165354330709,0.9231693865782535,0.05545285114518261,1.0,43.5,27.0,14.0,13.0,home,1,39.0,9.0,4,4
2025_11_SF_ARI,2025,11,REG,2025-11-16,ARI,SF,1,SF -3.5,SF -6.2,-3.5,-6.228702545166016,-2.7287025451660156,True,160.0,-192.0,0.3690596562184025,0.21864370730750626,-0.1504159489108962,1.0,48.5,22.0,41.0,-19.0,away,0,70.0,0.0,7,7
2025_11_CAR_ATL,2025,11,REG,2025-11-16,ATL,CAR,1,ATL -4.5,ATL -4.9,4.5,4.908731549978256,0.4087315499782562,False,-218.0,180.0,0.6574752261956054,0.6953142041966933,0.03783897800108793,0.0,42.5,27.0,30.0,-3.0,away,0,70.0,0.0,7,7
2025_11_TB_BUF,2025,11,REG,2025-11-16,BUF,TB,0,BUF -6.0,BUF -6.3,6.0,6.256085455417633,0.25608545541763306,True,-285.0,230.0,0.7095435684647302,0.746299009137062,0.03675544067233183,1.0,46.5,44.0,32.0,12.0,home,1,38.0,20.0,7,7
2025_11_BAL_CLE,2025,11,REG,2025-11-16,CLE,BAL,1,BAL -7.5,BAL -10.4,-7.5,-10.358477354049683,-2.8584773540496826,False,340.0,-440.0,0.21809369951534735,0.11387290192663369,-0.10422079758871367,1.0,37.5,16.0,23.0,-7.0,away,1,44.0,20.0,7,7
2025_11_KC_DEN,2025,11,REG,2025-11-16,DEN,KC,1,KC -3.5,KC -5.5,-3.5,-5.492976427078247,-1.992976427078247,False,180.0,-218.0,0.34252477380439467,0.24324838830727805,-0.09927638549711662,0.0,44.5,22.0,19.0,3.0,home,1,70.0,6.0,10,14
2025_11_LAC_JAX,2025,11,REG,2025-11-16,JAX,LAC,0,LAC -3.0,LAC -4.1,-3.0,-4.076758861541748,-1.076758861541748,False,130.0,-155.0,0.4170073589533933,0.29565219358545636,-0.12135516536793695,0.0,43.5,35.0,6.0,29.0,home,1,74.0,9.0,7,7
2025_11_SEA_LA,2025,11,REG,2025-11-16,LA,SEA,1,LA -3.0,LA -2.4,3.0,2.36855149269104,-0.63144850730896,True,-175.0,145.0,0.6092362344582594,0.585750782915359,-0.023485451542900382,0.0,49.5,21.0,19.0,2.0,home,0,70.0,0.0,7,7
2025_11_WAS_MIA,2025,11,REG,2025-11-16,MIA,WAS,0,MIA -2.5,WAS -0.8,2.5,-0.8028802871704102,-3.30288028717041,False,-148.0,124.0,0.5720596355604638,0.4375333978003238,-0.13452623776014,0.0,47.5,16.0,13.0,3.0,home,1,59.0,8.0,7,7
2025_11_CHI_MIN,2025,11,REG,2025-11-16,MIN,CHI,1,MIN -3.0,MIN -3.3,3.0,3.281656891107559,0.2816568911075592,False,-148.0,124.0,0.5720596355604638,0.6267938357053833,0.054734200144919476,0.0,47.5,17.0,19.0,-2.0,away,0,70.0,0.0,7,7
2025_11_GB_NYG,2025,11,REG,2025-11-16,NYG,GB,0,GB -7.5,GB -8.7,-7.5,-8.699506402015686,-1.199506402015686,False,340.0,-440.0,0.21809369951534735,0.1494182586430157,-0.06867544087233166,1.0,41.5,20.0,27.0,-7.0,away,1,55.0,17.0,7,6
2025_11_DET_PHI,2025,11,REG,2025-11-16,PHI,DET,0,PHI -2.5,PHI -0.7,2.5,0.6882588863372803,-1.8117411136627197,False,-155.0,130.0,0.5829926410466066,0.5074500741485334,-0.07554256689807326,0.0,46.5,16.0,9.0,7.0,home,1,45.0,15.0,6,7
2025_11_CIN_PIT,2025,11,REG,2025-11-16,PIT,CIN,1,PIT -5.5,CIN -1.4,5.5,-1.4489779472351074,-6.948977947235107,False,-250.0,205.0,0.6853932584269663,0.40783432139865206,-0.27755893702831425,0.0,48.5,34.0,12.0,22.0,home,1,46.0,17.0,7,14
2025_11_HOU_TEN,2025,11,REG,2025-11-16,TEN,HOU,1,HOU -5.5,HOU -7.0,-5.5,-6.970346808433533,-1.4703468084335327,False,215.0,-265.0,0.30423004792665137,0.19570799059701763,-0.10852205732963374,1.0,37.5,13.0,16.0,-3.0,away,1,64.0,8.0,14,7
2025_11_DAL_LV,2025,11,REG,2025-11-17,LV,DAL,0,DAL -3.5,DAL -6.0,-3.5,-6.03765606880188,-2.53765606880188,True,164.0,-198.0,0.3630958183058778,0.22485608915558045,-0.13823972915029734,1.0,48.5,16.0,33.0,-17.0,away,0,70.0,0.0,11,14
2025_12_BUF_HOU,2025,12,REG,2025-11-20,HOU,BUF,0,BUF -5.5,BUF -7.8,-5.5,-7.847804307937622,-2.347804307937622,False,210.0,-258.0,0.30920711694593195,0.170982300109967,-0.13822481683596494,0.0,43.5,23.0,19.0,4.0,home,0,70.0,0.0,4,4
2025_12_JAX_ARI,2025,12,REG,2025-11-23,ARI,JAX,0,JAX -2.5,JAX -2.5,-2.5,-2.471392063423991,0.028607936576008797,False,114.0,-135.0,0.448558885283451,0.36225665836189774,-0.08630222692155326,1.0,47.5,24.0,27.0,-3.0,away,0,70.0,0.0,7,7
2025_12_NYJ_BAL,2025,12,REG,2025-11-23,BAL,NYJ,0,BAL -14.0,BAL -15.0,14.0,15.011083245277405,1.0110832452774048,False,-1050.0,675.0,0.8761776581426649,0.9386995707254927,0.0625219125828278,1.0,44.5,23.0,10.0,13.0,home,1,54.0,3.0,7,10
2025_12_PIT_CHI,2025,12,REG,2025-11-23,CHI,PIT,0,CHI -3.0,CHI -3.5,3.0,3.5116211771965027,0.5116211771965027,False,-155.0,130.0,0.5829926410466066,0.6368734940659573,0.05388085301935064,1.0,46.5,31.0,28.0,3.0,home,1,51.0,3.0,7,7
2025_12_NE_CIN,2025,12,REG,2025-11-23,CIN,NE,0,NE -7.5,NE -9.0,-7.5,-8.95224380493164,-1.4522438049316406,False,310.0,-395.0,0.23409789548356585,0.14346607354293908,-0.09063182194062677,1.0,50.5,20.0,26.0,-6.0,away,1,54.0,7.0,7,10
2025_12_PHI_DAL,2025,12,REG,2025-11-23,DAL,PHI,1,PHI -3.0,PHI -3.7,-3.0,-3.729062080383301,-0.7290620803833008,False,136.0,-162.0,0.4066302458405761,0.3094758977565981,-0.09715434808397799,0.0,47.5,24.0,21.0,3.0,home,0,70.0,0.0,6,7
2025_12_NYG_DET,2025,12,REG,2025-11-23,DET,NYG,0,DET -14.0,DET -7.7,14.0,7.677714824676514,-6.322285175323486,True,-1050.0,675.0,0.8761776581426649,0.7936146851765317,-0.08256297296613324,0.0,50.5,34.0,27.0,7.0,home,0,70.0,0.0,7,7
2025_12_MIN_GB,2025,12,REG,2025-11-23,GB,MIN,1,GB -6.5,GB -7.6,6.5,7.610410928726196,1.1104109287261963,True,-290.0,235.0,0.7135512302607419,0.7915297038322885,0.07797847357154664,1.0,41.5,23.0,6.0,17.0,home,1,43.0,10.0,7,7
2025_12_IND_KC,2025,12,REG,2025-11-23,KC,IND,0,KC -3.5,KC -5.3,3.5,5.2568113803863525,1.7568113803863525,False,-218.0,180.0,0.6574752261956054,0.7090289993757113,0.0515537731801059,1.0,50.5,23.0,20.0,3.0,home,1,59.0,8.0,7,14
2025_12_TB_LA,2025,12,REG,2025-11-23,LA,TB,0,LA -7.0,LA -9.4,7.0,9.371202945709229,2.3712029457092285,True,-375.0,295.0,0.7571884984025559,0.8410369495917637,0.0838484511892078,1.0,49.5,34.0,7.0,27.0,home,0,70.0,0.0,7,7
2025_12_CLE_LV,2025,12,REG,2025-11-23,LV,CLE,0,LV -3.0,LV -9.6,3.0,9.624276638031006,6.624276638031006,False,-162.0,136.0,0.593369754159424,0.8473092980918687,0.2539395439324448,0.0,35.5,10.0,24.0,-14.0,away,0,70.0,0.0,6,7
2025_12_ATL_NO,2025,12,REG,2025-11-23,NO,ATL,1,NO -1.5,NO -1.7,1.5,1.746109515428543,0.2461095154285431,False,-122.0,102.0,0.5260865852617197,0.5570350352881117,0.030948450026392016,0.0,41.5,10.0,24.0,-14.0,away,0,70.0,0.0,14,7
2025_12_SEA_TEN,2025,12,REG,2025-11-23,TEN,SEA,0,SEA -12.5,SEA -12.4,-12.5,-12.350263178348541,0.14973682165145874,True,625.0,-950.0,0.13228346456692913,0.08112957875239377,-0.051153885814535366,1.0,41.5,24.0,30.0,-6.0,away,1,55.0,1.0,7,7
2025_12_CAR_SF,2025,12,REG,2025-11-24,SF,CAR,0,SF -7.5,SF -8.3,7.5,8.31272542476654,0.8127254247665405,True,-395.0,310.0,0.7659021045164341,0.812526453786504,0.046624349270069865,1.0,48.5,20.0,9.0,11.0,home,1,58.0,3.0,8,8
2025_13_CIN_BAL,2025,13,REG,2025-11-27,BAL,CIN,1,BAL -7.0,BAL -2.8,7.0,2.8281707763671875,-4.1718292236328125,True,-375.0,295.0,0.7571884984025559,0.606598049842128,-0.15059044856042791,1.0,52.5,14.0,32.0,-18.0,away,1,38.0,11.0,4,4
2025_13_KC_DAL,2025,13,REG,2025-11-27,DAL,KC,0,KC -3.5,KC -3.4,-3.5,-3.3646771013736725,0.13532289862632751,True,154.0,-185.0,0.3775334481388264,0.3243376933345799,-0.05319575480424649,0.0,53.5,31.0,28.0,3.0,home,0,70.0,0.0,4,4
2025_13_GB_DET,2025,13,REG,2025-11-27,DET,GB,1,DET -2.5,DET -2.3,2.5,2.2553154826164246,-0.24468451738357544,True,-155.0,130.0,0.5829926410466066,0.5805640116130655,-0.002428629433541163,1.0,48.5,24.0,31.0,-7.0,away,0,70.0,0.0,4,4
2025_13_CHI_PHI,2025,13,REG,2025-11-28,PHI,CHI,0,PHI -7.0,PHI -7.9,7.0,7.892356634140015,0.8923566341400146,False,-340.0,270.0,0.740871613663133,0.8001606903872343,0.05928907672410122,0.0,43.5,15.0,24.0,-9.0,away,1,42.0,18.0,5,5
2025_13_LA_CAR,2025,13,REG,2025-11-30,CAR,LA,0,LA -10.0,LA -9.2,-10.0,-9.187034666538239,0.8129653334617615,True,425.0,-575.0,0.18274111675126903,0.13811467530853086,-0.04462644144273817,0.0,44.5,31.0,28.0,3.0,home,1,45.0,3.0,6,7
2025_13_SF_CLE,2025,13,REG,2025-11-30,CLE,SF,0,SF -5.5,SF -10.2,-5.5,-10.212480068206787,-4.712480068206787,True,205.0,-250.0,0.31460674157303364,0.11667853368214103,-0.1979282078908926,1.0,35.5,8.0,26.0,-18.0,away,1,35.0,20.0,7,6
2025_13_HOU_IND,2025,13,REG,2025-11-30,IND,HOU,1,IND -3.0,IND -4.6,3.0,4.590694785118103,1.590694785118103,False,-170.0,142.0,0.6037569709421778,0.682471642887394,0.0787146719452162,0.0,44.5,16.0,20.0,-4.0,away,0,70.0,0.0,7,10
2025_13_LV_LAC,2025,13,REG,2025-11-30,LAC,LV,1,LAC -10.0,LAC -7.5,10.0,7.465087890625,-2.534912109375,False,-600.0,440.0,0.8223350253807106,0.786975016223601,-0.03536000915710957,0.0,40.5,31.0,14.0,17.0,home,0,70.0,0.0,14,7
2025_13_NO_MIA,2025,13,REG,2025-11-30,MIA,NO,0,MIA -5.5,MIA -4.9,5.5,4.9212910532951355,-0.5787089467048645,True,-250.0,205.0,0.6853932584269663,0.6958153498701314,0.010422091443165082,1.0,41.5,21.0,17.0,4.0,home,1,76.0,10.0,14,7
2025_13_ATL_NYJ,2025,13,REG,2025-11-30,NYJ,ATL,0,ATL -3.0,ATL -0.8,-3.0,-0.77455735206604,2.22544264793396,True,140.0,-166.0,0.4003612281757977,0.4388472578304458,0.03848602965464809,1.0,38.5,27.0,24.0,3.0,home,1,43.0,8.0,7,7
2025_13_BUF_PIT,2025,13,REG,2025-11-30,PIT,BUF,0,BUF -3.0,BUF -1.7,-3.0,-1.716454267501831,1.283545732498169,False,140.0,-166.0,0.4003612281757977,0.3957208894879816,-0.0046403386878161035,1.0,44.5,7.0,26.0,-19.0,away,1,34.0,16.0,7,10
2025_13_MIN_SEA,2025,13,REG,2025-11-30,SEA,MIN,0,SEA -12.5,SEA -12.7,12.5,12.692270994186401,0.19227099418640137,True,-900.0,600.0,0.863013698630137,0.9081927797898883,0.04517908115975133,1.0,42.5,26.0,0.0,26.0,home,1,45.0,2.0,7,7
2025_13_ARI_TB,2025,13,REG,2025-11-30,TB,ARI,0,TB -4.5,TB -4.0,4.5,4.013051211833954,-0.48694878816604614,True,-198.0,164.0,0.6369041816941223,0.6584301397114775,0.02152595801735513,1.0,44.5,20.0,17.0,3.0,home,1,80.0,8.0,7,7
2025_13_JAX_TEN,2025,13,REG,2025-11-30,TEN,JAX,1,JAX -6.0,JAX -5.8,-6.0,-5.767580419778824,0.23241958022117615,False,220.0,-270.0,0.299837925445705,0.23385025012300256,-0.06598767532270242,1.0,42.5,3.0,25.0,-22.0,away,1,38.0,7.0,7,7
2025_13_DEN_WAS,2025,13,REG,2025-11-30,WAS,DEN,0,DEN -6.5,DEN -8.5,-6.5,-8.499544620513916,-1.999544620513916,False,250.0,-310.0,0.27424749163879597,0.15427057304783967,-0.1199769185909563,1.0,43.5,26.0,27.0,-1.0,away,1,40.0,13.0,14,14
2025_13_NYG_NE,2025,13,REG,2025-12-01,NE,NYG,0,NE -7.0,NE -0.5,7.0,0.48455190658569336,-6.515448093414307,False,-375.0,295.0,0.7571884984025559,0.4978543118616457,-0.25933418654091017,0.0,46.5,33.0,15.0,18.0,home,1,30.0,5.0,8,8
2025_14_DAL_DET,2025,14,REG,2025-12-04,DET,DAL,0,DET -3.5,DET -5.6,3.5,5.604346513748169,2.104346513748169,True,-192.0,160.0,0.6309403437815976,0.7223523612830394,0.09141201750144179,1.0,55.5,44.0,30.0,14.0,home,0,70.0,0.0,7,7
2025_14_LA_ARI,2025,14,REG,2025-12-07,ARI,LA,1,LA -9.5,LA -9.9,-9.5,-9.90649726986885,-0.4064972698688507,True,380.0,-500.0,0.19999999999999998,0.12275357210185343,-0.07724642789814655,1.0,49.5,17.0,45.0,-28.0,away,0,70.0,0.0,7,7
2025_14_SEA_ATL,2025,14,REG,2025-12-07,ATL,SEA,0,SEA -7.0,SEA -7.8,-7.0,-7.790591061115265,-0.7905910611152649,True,280.0,-355.0,0.2522172949002217,0.17251589154849653,-0.07970140335172518,1.0,44.5,9.0,37.0,-28.0,away,0,70.0,0.0,7,7
2025_14_PIT_BAL,2025,14,REG,2025-12-07,BAL,PIT,1,BAL -5.5,BAL -5.4,5.5,5.44996240735054,-0.05003759264945984,True,-270.0,220.0,0.7001620745542949,0.7164802765284463,0.016318201974151347,0.0,43.5,22.0,27.0,-5.0,away,1,44.0,6.0,10,7
2025_14_CIN_BUF,2025,14,REG,2025-12-07,BUF,CIN,0,BUF -6.0,BUF -7.5,6.0,7.51037073135376,1.5103707313537598,False,-285.0,230.0,0.7095435684647302,0.7884020014445001,0.07885843297976991,1.0,54.5,39.0,34.0,5.0,home,1,31.0,12.0,7,10
2025_14_TEN_CLE,2025,14,REG,2025-12-07,CLE,TEN,0,CLE -4.5,CLE -0.6,4.5,0.560570478439331,-3.939429521560669,True,-205.0,170.0,0.644729178800233,0.5014354143764771,-0.14329376442375585,1.0,33.5,29.0,31.0,-2.0,away,1,33.0,6.0,7,7
2025_14_CHI_GB,2025,14,REG,2025-12-07,GB,CHI,1,GB -6.5,GB -8.4,6.5,8.42876124382019,1.9287612438201904,True,-305.0,245.0,0.7220792588780237,0.8158343653024221,0.09375510642439844,1.0,44.5,28.0,21.0,7.0,home,1,16.0,9.0,10,9
2025_14_IND_JAX,2025,14,REG,2025-12-07,JAX,IND,1,IND -2.5,IND -2.9,-2.5,-2.920432686805725,-0.4204326868057251,False,114.0,-135.0,0.448558885283451,0.3429450447071464,-0.10561384057630463,0.0,44.5,36.0,19.0,17.0,home,1,61.0,7.0,7,7
2025_14_HOU_KC,2025,14,REG,2025-12-07,KC,HOU,0,KC -4.5,KC -7.7,4.5,7.732402086257935,3.2324020862579346,False,-218.0,180.0,0.6574752261956054,0.7952974285725649,0.13782220237695952,0.0,41.5,10.0,20.0,-10.0,away,1,27.0,8.0,10,7
2025_14_DEN_LV,2025,14,REG,2025-12-07,LV,DEN,1,DEN -8.5,DEN -7.5,-8.5,-7.513924956321716,0.9860750436782837,True,360.0,-470.0,0.20863836017569545,0.1800856572819221,-0.028552702893773346,1.0,40.5,17.0,24.0,-7.0,away,0,70.0,0.0,7,7
2025_14_WAS_MIN,2025,14,REG,2025-12-07,MIN,WAS,0,WAS -1.5,WAS -5.9,-1.5,-5.909214973449707,-4.409214973449707,False,-105.0,-115.0,0.4891657638136511,0.22910258300070885,-0.2600631808129423,0.0,43.5,31.0,0.0,31.0,home,0,70.0,0.0,7,7
2025_14_MIA_NYJ,2025,14,REG,2025-12-07,NYJ,MIA,1,MIA -2.5,MIA -2.4,-2.5,-2.438189599663019,0.06181040033698082,False,124.0,-148.0,0.42794036443953615,0.36370331261493993,-0.06423705182459621,1.0,41.5,10.0,34.0,-24.0,away,1,41.0,6.0,7,7
2025_14_NO_TB,2025,14,REG,2025-12-07,TB,NO,1,TB -7.5,TB -8.4,7.5,8.441772282123566,0.9417722821235657,False,-425.0,330.0,0.7768331562167907,0.816202447896431,0.03936929167964032,0.0,41.5,20.0,24.0,-4.0,away,1,73.0,6.0,7,7
2025_14_PHI_LAC,2025,14,REG,2025-12-08,LAC,PHI,0,PHI -1.5,PHI -0.5,-1.5,-0.5302252769470215,0.9697747230529785,True,100.0,-120.0,0.4782608695652174,0.4502151942105781,-0.02804567535463931,0.0,41.5,22.0,19.0,3.0,home,0,70.0,0.0,8,10
2025_15_ATL_TB,2025,15,REG,2025-12-11,TB,ATL,1,TB -6.0,TB -5.8,6.0,5.808166146278381,-0.19183385372161865,True,-278.0,225.0,0.705033164260632,0.7299890000420468,0.024955835781414804,0.0,43.5,28.0,29.0,-1.0,away,1,56.0,5.0,4,4
2025_15_CLE_CHI,2025,15,REG,2025-12-14,CHI,CLE,0,CHI -7.5,CHI -15.1,7.5,15.090209007263184,7.590209007263184,True,-375.0,295.0,0.7571884984025559,0.9395519398129161,0.1823634414103602,1.0,38.5,31.0,3.0,28.0,home,1,8.0,6.0,7,7
2025_15_BAL_CIN,2025,15,REG,2025-12-14,CIN,BAL,1,BAL -2.5,BAL -1.6,-2.5,-1.570730447769165,0.929269552230835,False,136.0,-162.0,0.4066302458405761,0.402305562444859,-0.004324683395717122,1.0,51.5,0.0,24.0,-24.0,away,1,10.0,7.0,7,7
2025_15_MIN_DAL,2025,15,REG,2025-12-14,DAL,MIN,0,DAL -5.5,DAL -5.1,5.5,5.053682506084442,-0.44631749391555786,True,-265.0,215.0,0.6957699520733487,0.7010696101069709,0.005299658033622201,0.0,47.5,26.0,34.0,-8.0,away,0,70.0,0.0,10,7
2025_15_GB_DEN,2025,15,REG,2025-12-14,DEN,GB,0,GB -1.5,GB -3.2,-1.5,-3.242096424102783,-1.7420964241027832,False,102.0,-122.0,0.4739134147382802,0.3294199266406361,-0.14449348809764412,0.0,42.5,34.0,26.0,8.0,home,1,65.0,3.0,7,7
2025_15_ARI_HOU,2025,15,REG,2025-12-14,HOU,ARI,0,HOU -10.5,HOU -9.7,10.5,9.711298167705536,-0.7887018322944641,False,-625.0,455.0,0.827123695976155,0.8494187244858362,0.022295028509681236,1.0,42.5,40.0,20.0,20.0,home,0,70.0,0.0,7,7
2025_15_NYJ_JAX,2025,15,REG,2025-12-14,JAX,NYJ,0,JAX -13.5,JAX -11.7,13.5,11.743213057518005,-1.7567869424819946,False,-1050.0,675.0,0.8761776581426649,0.892153665413242,0.01597600727057713,1.0,40.5,48.0,20.0,28.0,home,1,70.0,11.0,7,7
2025_15_LAC_KC,2025,15,REG,2025-12-14,KC,LAC,1,KC -5.5,KC -5.7,5.5,5.737719029188156,0.23771902918815613,False,-258.0,210.0,0.690792883054068,0.7273645298007668,0.03657164674669877,0.0,41.5,13.0,16.0,-3.0,away,1,59.0,8.0,7,6
2025_15_DET_LA,2025,15,REG,2025-12-14,LA,DET,0,LA -5.5,LA -0.8,5.5,0.8344855308532715,-4.6655144691467285,False,-245.0,200.0,0.6805555555555556,0.5143352112652245,-0.16622034429033106,0.0,54.5,41.0,34.0,7.0,home,0,70.0,0.0,7,10
2025_15_BUF_NE,2025,15,REG,2025-12-14,NE,BUF,1,BUF -2.5,BUF -2.1,-2.5,-2.128643900156021,0.3713560998439789,False,120.0,-142.0,0.43650793650793646,0.3773062647207991,-0.05920167178713737,1.0,49.5,31.0,35.0,-4.0,away,1,32.0,6.0,13,7
2025_15_CAR_NO,2025,15,REG,2025-12-14,NO,CAR,1,CAR -2.5,CAR -3.4,-2.5,-3.3840742111206055,-0.8840742111206055,False,124.0,-148.0,0.42794036443953615,0.32353722525868966,-0.10440313918084648,0.0,41.5,20.0,17.0,3.0,home,0,70.0,0.0,7,14
2025_15_WAS_NYG,2025,15,REG,2025-12-14,NYG,WAS,1,NYG -2.5,NYG -0.7,2.5,0.7362527847290039,-1.763747215270996,True,-148.0,124.0,0.5720596355604638,0.5097103242653588,-0.062349311295105014,1.0,46.5,21.0,29.0,-8.0,away,1,27.0,13.0,13,7
2025_15_LV_PHI,2025,15,REG,2025-12-14,PHI,LV,0,PHI -12.5,PHI -10.7,12.5,10.667022824287415,-1.8329771757125854,False,-1000.0,650.0,0.8720930232558138,0.8710349026504771,-0.001058120605336721,0.0,37.5,31.0,0.0,31.0,home,1,30.0,20.0,6,7
2025_15_IND_SEA,2025,15,REG,2025-12-14,SEA,IND,0,SEA -13.5,SEA -13.5,13.5,13.532064869999886,0.03206486999988556,False,-1000.0,650.0,0.8720930232558138,0.9205622834460967,0.04846926019028286,1.0,41.5,18.0,16.0,2.0,home,1,51.0,9.0,7,7
2025_15_TEN_SF,2025,15,REG,2025-12-14,SF,TEN,0,SF -12.5,SF -12.8,12.5,12.826259106397629,0.3262591063976288,True,-900.0,600.0,0.863013698630137,0.9102763325061397,0.04726263387600271,1.0,44.5,37.0,24.0,13.0,home,1,54.0,4.0,14,7
2025_15_MIA_PIT,2025,15,REG,2025-12-15,PIT,MIA,0,PIT -3.0,PIT -3.6,3.0,3.59455269575119,0.5945526957511902,True,-175.0,145.0,0.6092362344582594,0.6404797214043391,0.0312434869460797,1.0,42.5,28.0,15.0,13.0,home,1,17.0,7.0,8,8
2025_16_LA_SEA,2025,16,REG,2025-12-18,SEA,LA,1,SEA -1.5,LA -0.3,1.5,-0.3096679449081421,-1.809667944908142,True,-122.0,102.0,0.5260865852617197,0.46052214923031587,-0.06556443603140383,0.0,42.5,38.0,37.0,1.0,home,1,51.0,17.0,4,4
2025_16_GB_CHI,2025,16,REG,2025-12-20,CHI,GB,1,CHI -1.5,CHI -2.9,1.5,2.860956907272339,1.3609569072723389,True,-118.0,-102.0,0.5173641257162701,0.6080713780492716,0.09070725233300148,1.0,45.5,22.0,16.0,6.0,home,1,37.0,6.0,6,6
2025_16_PHI_WAS,2025,16,REG,2025-12-20,WAS,PHI,1,PHI -7.0,PHI -8.1,-7.0,-8.065386652946472,-1.0653866529464722,True,300.0,-380.0,0.24000000000000005,0.1652488192381188,-0.07475118076188125,1.0,43.5,18.0,29.0,-11.0,away,1,42.0,7.0,6,6
2025_16_ATL_ARI,2025,16,REG,2025-12-21,ARI,ATL,0,ATL -2.5,ATL -3.7,-2.5,-3.71623694896698,-1.21623694896698,True,124.0,-148.0,0.42794036443953615,0.3099925834204277,-0.11794778101910847,1.0,48.5,19.0,26.0,-7.0,away,0,70.0,0.0,7,10
2025_16_NE_BAL,2025,16,REG,2025-12-21,BAL,NE,0,BAL -3.5,BAL -3.5,3.5,3.4997094427235425,-0.00029055727645754814,True,-185.0,154.0,0.6224665518611737,0.6363542416730403,0.01388768981186661,0.0,48.5,24.0,28.0,-4.0,away,1,40.0,2.0,7,7
2025_16_TB_CAR,2025,16,REG,2025-12-21,CAR,TB,1,TB -3.0,TB -3.2,-3.0,-3.1761468648910522,-0.17614686489105225,False,130.0,-155.0,0.4170073589533933,0.3321709072202083,-0.08483645173318499,0.0,44.5,23.0,20.0,3.0,home,1,61.0,8.0,7,10
2025_16_BUF_CLE,2025,16,REG,2025-12-21,CLE,BUF,0,BUF -10.5,BUF -13.2,-10.5,-13.233047008514404,-2.7330470085144043,False,425.0,-575.0,0.18274111675126903,0.06956155170438967,-0.11317956504687936,1.0,41.5,20.0,23.0,-3.0,away,1,25.0,16.0,7,7
2025_16_LAC_DAL,2025,16,REG,2025-12-21,DAL,LAC,0,DAL -1.5,DAL -2.1,1.5,2.0758509635925293,0.5758509635925293,False,-122.0,102.0,0.5260865852617197,0.5723074952667241,0.04622091000500439,0.0,50.5,17.0,34.0,-17.0,away,0,70.0,0.0,7,7
2025_16_JAX_DEN,2025,16,REG,2025-12-21,DEN,JAX,0,DEN -3.5,DEN -6.7,3.5,6.72928261756897,3.2292826175689697,False,-175.0,145.0,0.6092362344582594,0.7628079900867047,0.15357175562844538,0.0,46.5,20.0,34.0,-14.0,away,1,62.0,3.0,7,7
2025_16_PIT_DET,2025,16,REG,2025-12-21,DET,PIT,0,DET -7.5,DET -5.8,7.5,5.848571300506592,-1.6514286994934082,True,-425.0,330.0,0.7768331562167907,0.7314870688031491,-0.045346087413641656,1.0,52.5,24.0,29.0,-5.0,away,0,70.0,0.0,7,6
2025_16_LV_HOU,2025,16,REG,2025-12-21,HOU,LV,0,HOU -14.5,HOU -13.4,14.5,13.382466554641724,-1.1175334453582764,True,-1600.0,900.0,0.9039548022598869,0.9184762746230262,0.014521472363139276,1.0,39.5,23.0,21.0,2.0,home,0,70.0,0.0,7,7
2025_16_CIN_MIA,2025,16,REG,2025-12-21,MIA,CIN,0,CIN -3.5,CIN -2.7,-3.5,-2.6849303245544434,0.8150696754455566,False,170.0,-205.0,0.35527082119976705,0.3530131161678518,-0.002257705031915247,1.0,48.5,21.0,45.0,-24.0,away,1,81.0,7.0,6,7
2025_16_NYJ_NO,2025,16,REG,2025-12-21,NO,NYJ,0,NO -6.5,NO -7.6,6.5,7.554571509361267,1.054571509361267,True,-298.0,240.0,0.7179705215419501,0.7897881310459626,0.0718176095040125,1.0,39.5,29.0,6.0,23.0,home,0,70.0,0.0,7,7
2025_16_MIN_NYG,2025,16,REG,2025-12-21,NYG,MIN,0,MIN -2.5,MIN -3.6,-2.5,-3.6166573762893677,-1.1166573762893677,True,124.0,-148.0,0.42794036443953615,0.3140204290485222,-0.11391993539101397,1.0,41.5,13.0,16.0,-3.0,away,1,46.0,20.0,7,7
2025_16_KC_TEN,2025,16,REG,2025-12-21,TEN,KC,0,KC -3.5,KC -0.5,-3.5,-0.49556684494018555,3.0044331550598145,True,154.0,-185.0,0.3775334481388264,0.45183223356476443,0.07429878542593804,1.0,37.5,26.0,9.0,17.0,home,1,51.0,8.0,7,7
2025_16_SF_IND,2025,16,REG,2025-12-22,IND,SF,0,SF -4.5,SF -7.1,-4.5,-7.096567630767822,-2.5965676307678223,True,185.0,-225.0,0.33635187580853815,0.1919912669010806,-0.14436060890745755,1.0,46.5,27.0,48.0,-21.0,away,0,70.0,0.0,8,8
2025_17_DEN_KC,2025,17,REG,2025-12-25,KC,DEN,1,DEN -13.5,DEN -14.0,-13.5,-13.958657145500183,-0.4586571455001831,False,700.0,-1100.0,0.12000000000000002,0.061216191198826854,-0.05878380880117317,1.0,37.5,13.0,20.0,-7.0,away,1,59.0,8.0,4,4
2025_17_DET_MIN,2025,17,REG,2025-12-25,MIN,DET,1,DET -7.0,DET -8.5,-7.0,-8.519932746887207,-1.519932746887207,False,285.0,-360.0,0.2491874322860238,0.15376999249592316,-0.09541743979010064,0.0,45.5,23.0,10.0,13.0,home,0,70.0,0.0,4,4
2025_17_DAL_WAS,2025,17,REG,2025-12-25,WAS,DAL,1,DAL -8.5,DAL -13.3,-8.5,-13.278420448303223,-4.778420448303223,False,380.0,-500.0,0.19999999999999998,0.06901021140963137,-0.1309897885903686,1.0,50.5,23.0,30.0,-7.0,away,1,50.0,7.0,5,4
2025_17_BAL_GB,2025,17,REG,2025-12-27,GB,BAL,0,GB -2.5,GB -6.0,2.5,5.962986469268799,3.462986469268799,False,-142.0,120.0,0.5634920634920635,0.7357004985525462,0.17220843506048267,0.0,38.5,24.0,41.0,-17.0,away,1,36.0,10.0,7,6
2025_17_HOU_LAC,2025,17,REG,2025-12-27,LAC,HOU,0,LAC -1.5,LAC -1.7,1.5,1.7020631432533264,0.20206314325332642,False,-118.0,-102.0,0.5173641257162701,0.5549861186506451,0.03762199293437496,0.0,40.5,16.0,20.0,-4.0,away,0,70.0,0.0,6,6
2025_17_PHI_BUF,2025,17,REG,2025-12-28,BUF,PHI,0,BUF -3.0,BUF -7.3,3.0,7.266443729400635,4.266443729400635,False,-170.0,142.0,0.6037569709421778,0.7806324426618414,0.17687547171966356,0.0,45.5,12.0,13.0,-1.0,away,1,38.0,6.0,7,8
2025_17_SEA_CAR,2025,17,REG,2025-12-28,CAR,SEA,0,SEA -6.5,SEA -1.6,-6.5,-1.5901360511779785,4.9098639488220215,False,245.0,-305.0,0.27792074112197634,0.40142660891394055,0.12350586779196421,0.0,42.5,10.0,27.0,-17.0,away,1,43.0,2.0,7,10
2025_17_ARI_CIN,2025,17,REG,2025-12-28,CIN,ARI,0,CIN -7.0,CIN -7.9,7.0,7.86862450838089,0.8686245083808899,True,-345.0,275.0,0.7440690150970525,0.7994446516662521,0.05537563656919964,1.0,52.5,37.0,14.0,23.0,home,1,65.0,9.0,7,7
2025_17_PIT_CLE,2025,17,REG,2025-12-28,CLE,PIT,1,PIT -4.5,PIT -5.4,-4.5,-5.444007456302643,-0.9440074563026428,False,170.0,-205.0,0.35527082119976705,0.2449509797988612,-0.11031984140090584,0.0,35.5,13.0,6.0,7.0,home,1,45.0,14.0,7,7
2025_17_JAX_IND,2025,17,REG,2025-12-28,IND,JAX,1,JAX -3.5,JAX -3.7,-3.5,-3.6878829896450043,-0.18788298964500427,True,185.0,-225.0,0.33635187580853815,0.3111365621922656,-0.02521531361627255,1.0,48.5,17.0,23.0,-6.0,away,0,70.0,0.0,6,7
2025_17_NYG_LV,2025,17,REG,2025-12-28,LV,NYG,0,NYG -3.0,NYG -1.2,-3.0,-1.1821775436401367,1.8178224563598633,False,136.0,-162.0,0.4066302458405761,0.4200297683310274,0.013399522490451288,0.0,40.5,10.0,34.0,-24.0,away,0,70.0,0.0,7,7
2025_17_TB_MIA,2025,17,REG,2025-12-28,MIA,TB,0,TB -5.5,TB -5.1,-5.5,-5.074789524078369,0.42521047592163086,True,205.0,-250.0,0.31460674157303364,0.25804561782368896,-0.05656112374934469,0.0,44.5,20.0,17.0,3.0,home,1,80.0,3.0,7,7
2025_17_NE_NYJ,2025,17,REG,2025-12-28,NYJ,NE,1,NE -12.5,NE -13.6,-12.5,-13.557035326957703,-1.0570353269577026,True,625.0,-950.0,0.13228346456692913,0.0657125441495779,-0.06657092041735123,1.0,42.5,10.0,42.0,-32.0,away,1,29.0,4.0,7,7
2025_17_CHI_SF,2025,17,REG,2025-12-28,SF,CHI,0,SF -3.5,SF -6.4,3.5,6.419837713241577,2.919837713241577,True,-205.0,170.0,0.644729178800233,0.7520967542429059,0.10736757544267295,1.0,51.5,42.0,38.0,4.0,home,1,53.0,5.0,6,8
2025_17_NO_TEN,2025,17,REG,2025-12-28,TEN,NO,0,NO -1.5,TEN -0.9,-1.5,0.8665075302124023,2.3665075302124023,False,100.0,-120.0,0.4782608695652174,0.5158423441688006,0.03758147460358319,0.0,39.5,26.0,34.0,-8.0,away,1,71.0,14.0,7,7
2025_17_LA_ATL,2025,17,REG,2025-12-29,ATL,LA,0,LA -7.5,LA -7.3,-7.5,-7.250476151704788,0.2495238482952118,True,300.0,-380.0,0.24000000000000005,0.18753237521655755,-0.052467624783442496,0.0,48.5,27.0,24.0,3.0,home,0,70.0,0.0,8,11
2025_18_SEA_SF,2025,18,REG,2026-01-03,SF,SEA,1,SEA -2.5,SF -1.9,-2.5,1.8893203735351562,4.389320373535156,False,124.0,-148.0,0.42794036443953615,0.5636830613393621,0.13574269689982593,0.0,47.5,3.0,13.0,-10.0,away,1,57.0,8.0,6,6
2025_18_CAR_TB,2025,18,REG,2026-01-03,TB,CAR,1,TB -3.0,TB -3.7,3.0,3.6970521211624146,0.6970521211624146,False,-155.0,130.0,0.5829926410466066,0.6449149814756066,0.06192234042899991,1.0,43.5,16.0,14.0,2.0,home,1,69.0,11.0,6,6
2025_18_NO_ATL,2025,18,REG,2026-01-04,ATL,NO,1,ATL -4.5,ATL -5.3,4.5,5.343976199626923,0.8439761996269226,False,-205.0,170.0,0.644729178800233,0.7124058809557909,0.06767670215555799,1.0,43.5,19.0,17.0,2.0,home,0,70.0,0.0,6,7
2025_18_NYJ_BUF,2025,18,REG,2026-01-04,BUF,NYJ,1,BUF -12.5,BUF -10.9,12.5,10.930355548858643,-1.5696444511413574,False,-800.0,550.0,0.8524590163934427,0.8765070918114769,0.02404807541803422,1.0,39.5,35.0,8.0,27.0,home,1,27.0,13.0,7,7
2025_18_DET_CHI,2025,18,REG,2026-01-04,CHI,DET,1,CHI -3.5,CHI -4.5,3.5,4.539889574050903,1.0398895740509033,False,-180.0,150.0,0.6164383561643836,0.6803934277594217,0.0639550715950381,0.0,51.5,16.0,19.0,-3.0,away,1,33.0,4.0,7,10
2025_18_CLE_CIN,2025,18,REG,2026-01-04,CIN,CLE,1,CIN -9.5,CIN -9.9,9.5,9.87986645102501,0.37986645102500916,False,-455.0,350.0,0.7867435158501441,0.8534366142450209,0.0666930983948768,0.0,47.5,18.0,20.0,-2.0,away,1,37.0,0.0,7,7
2025_18_LAC_DEN,2025,18,REG,2026-01-04,DEN,LAC,1,DEN -14.5,DEN -16.4,14.5,16.415631532669067,1.9156315326690674,True,-1600.0,900.0,0.9039548022598869,0.9522738504405738,0.048319048180686885,1.0,37.5,19.0,3.0,16.0,home,1,66.0,8.0,10,8
2025_18_IND_HOU,2025,18,REG,2026-01-04,HOU,IND,1,HOU -9.5,HOU -10.3,9.5,10.3362455368042,0.8362455368041992,False,-535.0,400.0,0.8081570996978852,0.8638698347727597,0.05571273507487451,1.0,37.5,38.0,30.0,8.0,home,0,70.0,0.0,8,7
2025_18_TEN_JAX,2025,18,REG,2026-01-04,JAX,TEN,1,JAX -12.5,JAX -14.1,12.5,14.084795951843262,1.5847959518432617,True,-750.0,525.0,0.8465011286681716,0.9278528036718626,0.081351675003691,1.0,46.5,41.0,7.0,34.0,home,1,55.0,8.0,7,7
2025_18_ARI_LA,2025,18,REG,2026-01-04,LA,ARI,1,LA -14.5,LA -9.8,14.5,9.75500202178955,-4.744997978210449,False,-1350.0,800.0,0.8933823529411765,0.8504690436518172,-0.042913309289359325,0.0,49.5,37.0,20.0,17.0,home,0,70.0,0.0,6,7
2025_18_KC_LV,2025,18,REG,2026-01-04,LV,KC,1,KC -3.5,LV -2.3,-3.5,2.257451057434082,5.757451057434082,True,185.0,-225.0,0.33635187580853815,0.5806620002286242,0.2443101244200861,1.0,36.5,14.0,12.0,2.0,home,0,70.0,0.0,7,10
2025_18_GB_MIN,2025,18,REG,2026-01-04,MIN,GB,1,MIN -12.5,MIN -11.4,12.5,11.431543707847595,-1.0684562921524048,False,-650.0,470.0,0.8316498316498315,0.8863715113770614,0.054721679727229855,1.0,37.5,16.0,3.0,13.0,home,0,70.0,0.0,10,8
2025_18_MIA_NE,2025,18,REG,2026-01-04,NE,MIA,1,NE -14.0,NE -16.8,14.0,16.80486750602722,2.8048675060272217,True,-1000.0,650.0,0.8720930232558138,0.9554988471061421,0.08340582385032824,1.0,44.5,38.0,10.0,28.0,home,1,29.0,6.0,7,7
2025_18_DAL_NYG,2025,18,REG,2026-01-04,NYG,DAL,1,DAL -3.0,DAL -8.9,-3.0,-8.863870620727539,-5.863870620727539,False,140.0,-166.0,0.4003612281757977,0.14552456692409502,-0.2548366612517027,0.0,50.5,34.0,17.0,17.0,home,1,33.0,7.0,7,10
2025_18_WAS_PHI,2025,18,REG,2026-01-04,PHI,WAS,1,PHI -3.0,PHI -4.2,3.0,4.21062445640564,1.2106244564056396,False,-180.0,150.0,0.6164383561643836,0.6667529992062157,0.050314643041832086,0.0,38.5,17.0,24.0,-7.0,away,1,35.0,9.0,7,10
2025_18_BAL_PIT,2025,18,REG,2026-01-04,PIT,BAL,1,BAL -4.5,BAL -2.9,-4.5,-2.870271921157837,1.629728078842163,True,185.0,-225.0,0.33635187580853815,0.3450780475841675,0.008726171775629343,1.0,41.5,26.0,24.0,2.0,home,1,25.0,3.0,7,8
2025_19_GB_CHI,2025,19,WC,2026-01-10,CHI,GB,1,GB -2.5,GB -2.6,-2.5,-2.6101235449314117,-0.11012354493141174,False,114.0,-135.0,0.448558885283451,0.3562392319828265,-0.09231965330062453,0.0,45.5,31.0,27.0,4.0,home,1,32.0,6.0,6,6
2025_19_LA_CAR,2025,19,WC,2026-01-10,CAR,LA,0,LA -10.0,LA -8.9,-10.0,-8.892621517181396,1.1073784828186035,True,410.0,-550.0,0.18813314037626627,0.14485219106510872,-0.04328094931115756,1.0,44.5,31.0,34.0,-3.0,away,1,72.0,16.0,7,6
2025_19_BUF_JAX,2025,19,WC,2026-01-11,JAX,BUF,0,JAX -1.5,JAX -3.0,1.5,3.0394890308380127,1.5394890308380127,False,-122.0,102.0,0.5260865852617197,0.6160590482355092,0.08997246297378947,0.0,51.5,24.0,27.0,-3.0,away,1,62.0,6.0,7,7
2025_19_SF_PHI,2025,19,WC,2026-01-11,PHI,SF,0,PHI -6.0,PHI -7.6,6.0,7.6489585638046265,1.6489585638046265,False,-265.0,215.0,0.6957699520733487,0.7927257492397102,0.09695579716636149,0.0,44.5,19.0,23.0,-4.0,away,1,46.0,22.0,7,8
2025_19_LAC_NE,2025,19,WC,2026-01-11,NE,LAC,0,NE -3.5,NE -5.8,3.5,5.772444486618042,2.272444486618042,True,-198.0,164.0,0.6369041816941223,0.7286601997228039,0.09175601802868161,1.0,45.5,16.0,3.0,13.0,home,1,35.0,10.0,7,7
2025_19_HOU_PIT,2025,19,WC,2026-01-12,PIT,HOU,0,HOU -3.0,HOU -0.1,-3.0,-0.05168652534484863,2.9483134746551514,False,130.0,-155.0,0.4170073589533933,0.47262033550761623,0.055612976554222926,0.0,38.5,6.0,30.0,-24.0,away,1,32.0,9.0,8,8
2025_20_BUF_DEN,2025,20,DIV,2026-01-17,DEN,BUF,0,DEN -1.5,DEN -1.3,1.5,1.3058767020702362,-0.1941232979297638,False,-120.0,100.0,0.5217391304347826,0.5364807231368655,0.014741592702082862,1.0,45.5,33.0,30.0,3.0,home,1,36.0,5.0,13,6
2025_20_SF_SEA,2025,20,DIV,2026-01-17,SEA,SF,1,SEA -6.5,SEA -6.6,6.5,6.556555517017841,0.05655551701784134,True,-305.0,245.0,0.7220792588780237,0.7568688022926139,0.034789543414590174,1.0,44.5,41.0,6.0,35.0,home,1,46.0,5.0,14,6
2025_20_LA_CHI,2025,20,DIV,2026-01-18,CHI,LA,0,LA -3.5,LA -0.3,-3.5,-0.32416582107543945,3.1758341789245605,True,170.0,-205.0,0.35527082119976705,0.45984350753999204,0.10457268634022499,0.0,49.5,17.0,20.0,-3.0,away,1,19.0,6.0,8,8
2025_20_HOU_NE,2025,20,DIV,2026-01-18,NE,HOU,0,NE -3.0,NE -3.3,3.0,3.3038437366485596,0.30384373664855957,True,-180.0,150.0,0.6164383561643836,0.6277712921427103,0.011332935978326741,1.0,40.5,28.0,16.0,12.0,home,1,35.0,2.0,7,6
2025_21_NE_DEN,2025,21,CON,2026-01-25,DEN,NE,0,NE -3.5,NE -2.0,-3.5,-1.9586344957351685,1.5413655042648315,True,170.0,-205.0,0.35527082119976705,0.38486194670699153,0.02959112550722448,0.0,43.5,7.0,10.0,-3.0,away,1,26.0,10.0,8,7
2025_21_LA_SEA,2025,21,CON,2026-01-25,SEA,LA,1,SEA -2.5,SEA -3.6,2.5,3.5667290687561035,1.0667290687561035,True,-142.0,120.0,0.5634920634920635,0.6392715720602007,0.0757795085681372,1.0,45.5,31.0,27.0,4.0,home,1,41.0,2.0,8,7
2025_22_SEA_NE,2025,22,SB,2026-02-08,NE,SEA,0,SEA -4.5,SEA -5.8,-4.5,-5.780333757400513,-1.2803337574005127,True,195.0,-238.0,0.3249687530045188,0.23341996475413654,-0.09154878825038223,1.0,45.5,13.0,29.0,-16.0,away,1,67.0,7.0,14,14
