game_id,season,week,gameday,away_team,home_team,pred_margin,pred_home_win_prob,vegas_spread_line,vegas_home_moneyline,vegas_away_moneyline,actual_home_score,actual_away_score,actual_margin,actual_winner,winner_correct,spread_correct,graded_at,pred_total,vegas_total_line,actual_total,total_correct
2026_01_NE_SEA,2026,1,2026-09-09 00:00:00,NE,SEA,4.960371613502502,0.6973717577873509,3.5,-185.0,154.0,13.0,10.0,3.0,home,True,False,2026-09-10 23:59:12.618362+00:00,,,,
2026_01_SF_LA,2026,1,2026-09-10 00:00:00,SF,LA,0.1378796100616455,0.4815314985658409,3.5,-192.0,160.0,7.0,27.0,-20.0,away,False,True,2026-09-11 21:09:30.522402+00:00,,,,
2026_01_CHI_CAR,2026,1,2026-09-13 00:00:00,CHI,CAR,-3.408273935317993,0.3225400129951489,-2.5,124.0,-148.0,37.0,59.0,-22.0,away,True,True,2026-09-14 00:17:01.795922+00:00,,,,
2026_01_TB_CIN,2026,1,2026-09-13 00:00:00,TB,CIN,4.162970900535584,0.6647548242236627,3.5,-198.0,164.0,33.0,27.0,6.0,home,True,True,2026-09-14 00:17:01.798927+00:00,,,,
2026_01_NO_DET,2026,1,2026-09-13 00:00:00,NO,DET,7.530067205429077,0.7890205043706423,7.0,-325.0,260.0,31.0,30.0,1.0,home,True,False,2026-09-14 00:17:01.801929+00:00,,,,
2026_01_BUF_HOU,2026,1,2026-09-13 00:00:00,BUF,HOU,-3.4769396781921387,0.3197192644049547,-1.5,100.0,-120.0,31.0,36.0,-5.0,away,True,True,2026-09-14 00:17:01.804124+00:00,,,,
2026_01_BAL_IND,2026,1,2026-09-13 00:00:00,BAL,IND,-4.433485686779022,0.2818490834590602,-3.5,145.0,-175.0,23.0,41.0,-18.0,away,True,True,2026-09-14 00:17:01.806126+00:00,,,,
2026_01_CLE_JAX,2026,1,2026-09-13 00:00:00,CLE,JAX,8.320139706134796,0.8127391775586236,7.5,-375.0,295.0,34.0,10.0,24.0,home,True,True,2026-09-14 00:17:01.809129+00:00,,,,
2026_01_ATL_PIT,2026,1,2026-09-13 00:00:00,ATL,PIT,2.1480427384376526,0.5756338935071135,3.0,-175.0,145.0,20.0,13.0,7.0,home,True,False,2026-09-14 00:17:01.811131+00:00,,,,
2026_01_NYJ_TEN,2026,1,2026-09-13 00:00:00,NYJ,TEN,-1.3291945457458496,0.4132965350741595,3.0,-148.0,124.0,10.0,23.0,-13.0,away,True,True,2026-09-14 00:17:01.812635+00:00,,,,
2026_01_ARI_LAC,2026,1,2026-09-13 00:00:00,ARI,LAC,4.017330646514893,0.6586114737177846,10.5,-575.0,425.0,14.0,26.0,-12.0,away,False,True,2026-09-14 00:17:01.814638+00:00,,,,
2026_01_MIA_LV,2026,1,2026-09-13 00:00:00,MIA,LV,2.1296937465667725,0.5747890592333121,3.5,-192.0,160.0,27.0,13.0,14.0,home,True,False,2026-09-14 00:17:01.816757+00:00,,,,
2026_01_GB_MIN,2026,1,2026-09-13 00:00:00,GB,MIN,1.1797338724136353,0.5305651082392202,1.5,-118.0,-102.0,39.0,22.0,17.0,home,True,False,2026-09-14 00:17:01.817760+00:00,,,,
2026_01_WAS_PHI,2026,1,2026-09-13 00:00:00,WAS,PHI,4.516659069806337,0.6794407721098767,4.5,-218.0,180.0,24.0,22.0,2.0,home,True,False,2026-09-14 00:17:01.820419+00:00,,,,
2026_01_DAL_NYG,2026,1,2026-09-13 00:00:00,DAL,NYG,-6.087600469589233,0.2232200014140041,-2.5,124.0,-148.0,28.0,20.0,8.0,home,False,False,2026-09-14 23:38:01.622423+00:00,,,,
2026_01_DEN_KC,2026,1,2026-09-14 00:00:00,DEN,KC,1.5444633960723877,0.5476401665279192,3.0,-148.0,124.0,31.0,10.0,21.0,home,True,False,2026-09-15 12:22:00.685478+00:00,,,,
2026_02_DET_BUF,2026,2,2026-09-17 00:00:00,DET,BUF,4.957306087017059,0.7033244724295465,4.5,-205.0,170.0,41.0,31.0,10.0,home,True,True,2026-09-18 11:15:03.261991+00:00,,,,
2026_02_CAR_ATL,2026,2,2026-09-20 00:00:00,CAR,ATL,-3.998375415802002,0.2928845883870286,-1.5,105.0,-125.0,3.0,34.0,-31.0,away,True,True,2026-09-28 00:39:51.749834+00:00,,,,
2026_02_NO_BAL,2026,2,2026-09-20 00:00:00,NO,BAL,9.243023335933684,0.8452799240410773,8.5,-410.0,320.0,17.0,24.0,-7.0,away,False,False,2026-09-28 00:39:51.751843+00:00,,,,
2026_02_MIN_CHI,2026,2,2026-09-20 00:00:00,MIN,CHI,1.442121982574463,0.5444846963205728,5.5,-238.0,195.0,3.0,9.0,-6.0,away,False,True,2026-09-28 00:39:51.753845+00:00,,,,
2026_02_CIN_HOU,2026,2,2026-09-20 00:00:00,CIN,HOU,-3.398568153381348,0.3176546888944996,3.0,-148.0,124.0,6.0,20.0,-14.0,away,True,True,2026-09-28 00:39:51.754846+00:00,,,,
2026_02_PIT_NE,2026,2,2026-09-20 00:00:00,PIT,NE,-1.599412441253662,0.3979318645547192,5.5,-230.0,190.0,20.0,3.0,17.0,home,False,False,2026-09-28 00:39:51.756858+00:00,,,,
2026_02_GB_NYJ,2026,2,2026-09-20 00:00:00,GB,NYJ,-12.088394165039062,0.0789008253478878,-4.5,170.0,-205.0,17.0,20.0,-3.0,away,True,False,2026-09-28 00:39:51.757874+00:00,,,,
2026_02_CLE_TB,2026,2,2026-09-20 00:00:00,CLE,TB,5.484814643859863,0.7243094349504103,8.5,-410.0,320.0,19.0,23.0,-4.0,away,False,True,2026-09-28 00:39:51.759380+00:00,,,,
2026_02_PHI_TEN,2026,2,2026-09-20 00:00:00,PHI,TEN,-11.89655590057373,0.0816598554512808,-7.0,245.0,-305.0,20.0,24.0,-4.0,away,True,False,2026-09-28 00:39:51.760382+00:00,,,,
2026_02_JAX_DEN,2026,2,2026-09-20 00:00:00,JAX,DEN,-2.8364171981811523,0.3418496925289594,2.5,-135.0,114.0,20.0,13.0,7.0,home,False,False,2026-09-28 00:39:51.762384+00:00,,,,
2026_02_LV_LAC,2026,2,2026-09-20 00:00:00,LV,LAC,3.0026447772979736,0.6183156682593091,7.0,-310.0,250.0,14.0,26.0,-12.0,away,False,True,2026-09-28 00:39:51.763384+00:00,,,,
2026_02_SEA_ARI,2026,2,2026-09-20 00:00:00,SEA,ARI,-9.150946617126465,0.1317982100972209,-4.5,185.0,-225.0,7.0,31.0,-24.0,away,True,True,2026-09-28 00:39:51.765386+00:00,,,,
2026_02_WAS_DAL,2026,2,2026-09-20 00:00:00,WAS,DAL,-1.6527695655822754,0.3954442777818466,3.5,-225.0,185.0,37.0,20.0,17.0,home,False,False,2026-09-28 00:39:51.766890+00:00,,,,
2026_02_MIA_SF,2026,2,2026-09-20 00:00:00,MIA,SF,7.529471874237059,0.7964487840053663,13.5,-950.0,625.0,35.0,13.0,22.0,home,True,False,2026-09-28 00:39:51.767893+00:00,,,,
2026_02_IND_KC,2026,2,2026-09-20 00:00:00,IND,KC,4.818478345870972,0.6976506254040352,6.5,-305.0,245.0,33.0,30.0,3.0,home,True,True,2026-09-28 00:39:51.769426+00:00,,,,
2026_02_NYG_LA,2026,2,2026-09-21 00:00:00,NYG,LA,2.542400360107422,0.5969440888223895,7.0,-355.0,280.0,28.0,6.0,22.0,home,True,False,2026-09-28 00:39:51.770434+00:00,,,,
2026_03_ATL_GB,2026,3,2026-09-24 00:00:00,ATL,GB,-0.8262534141540527,0.4345094118472326,4.5,-230.0,190.0,14.0,35.0,-21.0,away,True,True,2026-09-28 00:44:43.374396+00:00,,,,
2026_03_LAC_BUF,2026,3,2026-09-27 00:00:00,LAC,BUF,4.784472942352295,0.6962514947366988,7.0,-325.0,260.0,24.0,16.0,8.0,home,True,False,2026-09-28 00:44:43.374396+00:00,,,,
2026_03_CAR_CLE,2026,3,2026-09-27 00:00:00,CAR,CLE,-5.88737416267395,0.2228043517399545,-2.5,114.0,-135.0,21.0,18.0,3.0,home,False,False,2026-09-28 00:44:43.374396+00:00,,,,
2026_03_NYJ_DET,2026,3,2026-09-27 00:00:00,NYJ,DET,0.7230868339538574,0.5095838868861944,7.0,-325.0,260.0,31.0,24.0,7.0,home,True,True,2026-09-28 00:44:43.374396+00:00,,,,
2026_03_HOU_IND,2026,3,2026-09-27 00:00:00,HOU,IND,-1.7848607897758484,0.3893094734879029,-1.5,105.0,-125.0,19.0,17.0,2.0,home,False,False,2026-09-28 00:44:43.374396+00:00,,,,
2026_03_NE_JAX,2026,3,2026-09-27 00:00:00,NE,JAX,-4.512017726898193,0.2725993333361521,3.0,-162.0,136.0,35.0,6.0,29.0,home,False,False,2026-09-28 00:44:43.374396+00:00,,,,
2026_03_KC_MIA,2026,3,2026-09-27 00:00:00,KC,MIA,-17.102110862731934,0.0312476873481416,-10.0,440.0,-600.0,10.0,24.0,-14.0,away,True,True,2026-09-28 00:44:43.374396+00:00,,,,
2026_03_TEN_NYG,2026,3,2026-09-27 00:00:00,TEN,NYG,0.4453165531158447,0.4960575143365957,2.5,-130.0,110.0,12.0,7.0,5.0,home,True,False,2026-09-28 00:44:43.374396+00:00,,,,
2026_03_CIN_PIT,2026,3,2026-09-27 00:00:00,CIN,PIT,-8.243597507476807,0.1533716569639436,-3.5,150.0,-180.0,30.0,27.0,3.0,home,False,False,2026-09-28 00:44:43.374396+00:00,,,,
2026_03_SEA_WAS,2026,3,2026-09-27 00:00:00,SEA,WAS,-8.754875600337982,0.1408804703250753,-8.5,320.0,-410.0,33.0,31.0,2.0,home,False,False,2026-09-28 00:44:43.374396+00:00,,,,
2026_03_ARI_SF,2026,3,2026-09-27 00:00:00,ARI,SF,3.819335222244263,0.6550922421285184,7.5,-395.0,310.0,36.0,30.0,6.0,home,True,True,2026-09-28 00:44:43.374396+00:00,,,,
2026_03_MIN_TB,2026,3,2026-09-27 00:00:00,MIN,TB,-0.8695524334907532,0.4324380494337145,-1.5,-108.0,-112.0,16.0,23.0,-7.0,away,True,False,2026-09-28 00:44:43.374396+00:00,,,,
2026_03_BAL_DAL,2026,3,2026-09-27 00:00:00,BAL,DAL,-2.8126980662345886,0.3428900237844868,-3.0,142.0,-170.0,31.0,34.0,-3.0,away,True,False,2026-09-28 00:44:43.374396+00:00,,,,
2026_03_LV_NO,2026,3,2026-09-27 00:00:00,LV,NO,-0.1051054000854492,0.4692901603699722,3.5,-192.0,160.0,27.0,35.0,-8.0,away,True,True,2026-09-28 00:44:43.374396+00:00,,,,
2026_03_LA_DEN,2026,3,2026-09-27 00:00:00,LA,DEN,2.3387070894241333,0.587361383115792,1.5,-112.0,-108.0,30.0,26.0,4.0,home,True,True,2026-09-28 21:19:49.570008+00:00,,,,
2026_03_PHI_CHI,2026,3,2026-09-28 00:00:00,PHI,CHI,-1.5972636938095093,0.3980321537518179,-3.5,164.0,-198.0,27.0,7.0,20.0,home,False,True,2026-09-29 11:19:51.294307+00:00,,,,
2026_04_PIT_CLE,2026,4,2026-10-01 00:00:00,PIT,CLE,-7.280646324157715,0.1793420058543711,-2.5,124.0,-148.0,27.0,24.0,3.0,home,False,False,2026-10-03 00:43:53.362208+00:00,,38.5,51.0,
2026_04_IND_WAS,2026,4,2026-10-04 00:00:00,IND,WAS,-6.361371278762817,0.2072250166510131,-3.5,154.0,-185.0,13.0,30.0,-17.0,away,True,True,2026-10-05 23:07:47.749090+00:00,45.89337593317032,47.5,43.0,True
2026_04_TEN_BAL,2026,4,2026-10-04 00:00:00,TEN,BAL,8.75536322593689,0.8324445982535866,11.5,-750.0,525.0,24.0,18.0,6.0,home,True,True,2026-10-05 23:07:47.759937+00:00,41.66516613960266,43.5,42.0,True
2026_04_NE_BUF,2026,4,2026-10-04 00:00:00,NE,BUF,2.953251361846924,0.6160422944265018,7.0,-298.0,240.0,26.0,29.0,-3.0,away,False,True,2026-10-05 23:07:47.760938+00:00,49.65630140900612,48.5,55.0,True
2026_04_NYJ_CHI,2026,4,2026-10-04 00:00:00,NYJ,CHI,-0.2765922546386719,0.4609794214798112,3.0,-162.0,136.0,23.0,12.0,11.0,home,False,False,2026-10-05 23:07:47.762939+00:00,46.183860540390015,43.5,35.0,False
2026_04_JAX_CIN,2026,4,2026-10-04 00:00:00,JAX,CIN,-3.286968231201172,0.3223854075540363,2.5,-142.0,120.0,17.0,22.0,-5.0,away,True,True,2026-10-05 23:07:47.763940+00:00,50.784439623355865,51.5,39.0,True
2026_04_DAL_HOU,2026,4,2026-10-04 00:00:00,DAL,HOU,-0.732938289642334,0.438981165200198,2.5,-142.0,120.0,30.0,34.0,-4.0,away,True,True,2026-10-05 23:07:47.765942+00:00,48.39016981422901,47.5,64.0,True
2026_04_ARI_NYG,2026,4,2026-10-04 00:00:00,ARI,NYG,-2.234733998775482,0.368687301608453,-1.5,-105.0,-115.0,36.0,24.0,12.0,home,False,False,2026-10-05 23:07:47.766943+00:00,43.91563493013382,44.5,60.0,False
2026_04_LA_PHI,2026,4,2026-10-04 00:00:00,LA,PHI,-5.839548349380493,0.2244218065067508,-2.5,124.0,-148.0,20.0,24.0,-4.0,away,True,True,2026-10-05 23:07:47.768945+00:00,42.93649312853813,44.5,44.0,True
2026_04_GB_TB,2026,4,2026-10-04 00:00:00,GB,TB,-6.346155166625977,0.2077123974680664,-3.5,160.0,-192.0,14.0,17.0,-3.0,away,True,False,2026-10-05 23:07:47.769946+00:00,37.703273952007294,39.5,31.0,True
2026_04_MIA_MIN,2026,4,2026-10-04 00:00:00,MIA,MIN,3.674466133117676,0.648688216124853,10.5,-750.0,525.0,15.0,10.0,5.0,home,True,True,2026-10-05 23:07:47.770947+00:00,45.509082317352295,38.5,25.0,False
2026_04_KC_LV,2026,4,2026-10-04 00:00:00,KC,LV,-8.18404245376587,0.1548841643841694,-4.5,185.0,-225.0,27.0,30.0,-3.0,away,True,False,2026-10-05 23:07:47.772948+00:00,46.99311381578445,47.5,57.0,False
2026_04_LAC_SEA,2026,4,2026-10-04 00:00:00,LAC,SEA,5.73171603679657,0.733809406094768,7.0,-355.0,280.0,30.0,23.0,7.0,home,True,True,2026-10-05 23:07:47.773949+00:00,44.28642737865448,42.5,53.0,True
2026_04_DEN_SF,2026,4,2026-10-04 00:00:00,DEN,SF,-1.5595498085021973,0.3997937732649461,3.0,-155.0,130.0,24.0,14.0,10.0,home,False,False,2026-10-05 23:07:47.774950+00:00,44.7126841545105,46.5,38.0,True
2026_04_DET_CAR,2026,4,2026-10-04 00:00:00,DET,CAR,-8.182730197906494,0.154917628238721,-3.5,145.0,-175.0,32.0,26.0,6.0,home,False,False,2026-10-05 23:07:47.776952+00:00,49.97380995750427,50.5,58.0,False
2026_04_ATL_NO,2026,4,2026-10-05 00:00:00,ATL,NO,-1.6026406288146973,0.3977812104035395,3.0,-155.0,130.0,24.0,45.0,-21.0,away,True,True,2026-10-06 11:47:23.211416+00:00,47.88123807311058,48.5,69.0,False
2026_05_TB_DAL,2026,5,2026-10-08 00:00:00,TB,DAL,9.91,0.86,9.5,-535.0,400.0,16.0,24.0,-8.0,away,False,False,2026-10-10 00:09:07.617158+00:00,49.94,49.5,40.0,False
